year,month,day,hour,minutes,lat,lon,depth,mb,ms
1970,9,12,14,30,34.1231,117.5915,4.0,5.3,n.a
1971,2,9,14,0,34.274,118.4126,8.4,6.4,n.a
1973,2,21,14,45,34.0526,119.0768,9.0,5.6,n.a
1973,8,6,23,29,33.8754,119.5052,0.2,4.4,n.a
1973,11,12,3,39,39.3346,123.3331,13.3,4.3,n.a
1974,11,28,23,1,36.8276,121.6266,9.8,4.8,n.a
1975,8,1,16,27,39.4528,121.5864,3.6,5.0,n.a
1975,8,1,20,20,39.5414,121.5035,9.8,6.0,n.a
1975,8,2,20,22,39.4069,121.5899,0.3,5.4,n.a
1975,8,3,1,3,39.4428,121.636,4.4,5.0,n.a
1975,8,6,3,50,39.4616,121.6557,7.4,5.2,n.a
1975,8,8,7,0,39.4656,121.5953,3.0,4.9,n.a
1975,9,27,22,34,39.5095,121.6093,19.6,5.2,n.a
1975,11,15,3,35,39.3986,121.6365,6.8,4.3,n.a
1978,8,13,22,54,34.2322,119.8277,6.4,5.5,n.a
1978,10,4,16,42,37.4193,118.6578,6.5,5.4,n.a
1979,3,15,20,17,34.297,116.4561,7.7,5.1,n.a
1979,5,8,5,11,37.2865,121.6816,2.5,4.3,n.a
1979,8,6,17,5,37.0997,121.55,6.4,5.4,n.a
1979,10,15,23,16,32.6175,115.6931,11.6,5.6,n.a
1979,10,16,23,16,33.0061,115.5546,8.6,5.3,n.a
1980,1,24,19,0,37.7018,121.8815,14.3,5.3,n.a
1980,1,27,2,33,37.7278,121.7661,18.2,5.0,n.a
1980,5,25,16,33,37.5361,118.904,6.0,6.2,n.a
1980,5,25,16,49,37.4959,119.0485,3.3,5.6,n.a
1980,5,25,19,44,37.4148,118.8448,4.9,5.6,n.a
1980,5,25,20,35,37.4875,118.8209,7.6,5.3,n.a
1980,5,27,14,50,37.4059,118.7755,7.4,5.8,n.a
1980,6,9,3,28,32.2489,115.0201,1.4,5.7,n.a
1980,9,7,4,36,38.0441,118.5676,11.9,4.9,n.a
1981,1,15,12,47,37.3035,121.7772,7.5,4.8,n.a
1981,4,26,12,9,33.0021,115.7452,8.2,5.6,n.a
1981,9,30,11,53,37.5432,118.8035,4.1,5.7,n.a
1982,10,25,22,26,36.2642,120.4973,12.6,5.5,n.a
1982,10,25,23,12,36.3002,120.5769,14.5,4.2,n.a
1983,1,7,1,38,37.5232,118.9948,4.1,5.2,n.a
1983,1,7,3,24,37.5609,119.0854,13.0,5.1,n.a
1983,5,2,23,42,36.2358,120.2903,15.3,6.2,n.a
1983,5,3,0,57,36.2287,120.3377,9.9,5.2,n.a
1983,5,9,2,49,36.2137,120.3179,16.8,5.2,n.a
1983,6,11,3,9,36.2324,120.474,4.3,5.4,n.a
1983,7,22,2,39,36.2258,120.338,14.5,6.0,n.a
1983,7,22,3,43,36.1669,120.4185,12.7,5.3,n.a
1983,7,25,22,31,36.1461,120.4142,16.3,5.8,n.a
1984,1,23,5,40,36.4374,121.8432,12.4,5.1,n.a
1984,4,24,21,15,37.2742,121.7097,9.1,5.8,n.a
1984,11,23,18,8,37.4489,118.5456,5.6,5.7,n.a
1984,11,26,16,21,37.336,118.704,14.3,5.1,n.a
1985,8,4,12,1,36.1227,120.135,7.3,5.4,n.a
1986,1,26,19,20,36.777,121.3156,10.8,5.4,n.a
1986,3,10,15,33,34.3039,119.8765,16.6,4.4,n.a
1986,3,31,11,55,37.5115,121.618,8.0,5.5,n.a
1986,7,8,9,20,34.0135,116.7654,8.5,5.9,n.a
1986,7,13,13,47,32.8844,117.9179,10.8,5.7,n.a
1986,7,20,14,29,37.4978,118.4435,5.1,5.7,n.a
1986,7,21,14,42,37.546,118.4652,10.5,6.1,n.a
1986,7,21,22,7,37.5686,118.4912,7.9,5.6,n.a
1986,7,31,7,22,37.4183,118.3764,2.2,5.6,n.a
1987,2,7,3,45,32.3569,115.3095,1.9,5.5,n.a
1987,2,14,7,26,36.1459,120.344,12.8,5.3,n.a
1987,10,1,14,42,33.978,118.1308,17.7,5.8,n.a
1987,10,1,15,12,33.9988,118.1525,12.4,4.7,n.a
1987,11,24,1,54,33.0407,115.7792,2.3,5.8,n.a
1987,11,24,13,15,33.0017,115.9475,7.5,6.0,n.a
1988,2,20,8,39,36.7974,121.3567,6.8,4.3,n.a
1988,6,13,1,45,37.3377,121.7743,7.6,4.8,n.a
1988,6,27,18,43,37.0502,121.9188,6.8,4.7,n.a
1988,7,26,3,26,36.5206,121.1764,2.3,5.0,n.a
1988,11,10,5,8,37.3413,121.7789,4.5,4.5,n.a
1988,12,3,11,38,34.0621,118.1839,4.3,4.4,n.a
1989,1,19,6,53,33.8788,118.715,9.1,5.3,n.a
1989,10,18,0,4,36.9974,121.8545,11.0,6.5,n.a
1989,10,19,10,14,36.9232,121.8796,7.2,4.5,n.a
1989,10,21,0,49,37.0115,121.8644,11.2,4.3,n.a
1989,10,21,22,14,37.0126,121.9743,11.9,4.5,n.a
1990,1,18,11,45,41.1427,123.7201,25.1,5.0,n.a
1990,4,17,22,32,34.0411,117.7662,7.5,4.6,n.a
1990,4,28,4,41,37.8801,121.9931,8.6,4.4,n.a
1991,6,28,14,43,34.1927,118.0849,11.6,6.0,n.a
1992,4,23,2,25,33.9678,116.4306,4.1,3.8,n.a
1992,4,23,4,50,33.9093,116.4934,9.7,5.8,n.a
1992,5,4,16,19,33.9709,116.4023,5.7,4.3,n.a
1992,5,18,15,44,33.9517,116.4596,4.5,4.7,n.a
1992,6,28,11,57,34.1445,116.6097,10.1,6.2,n.a
1992,6,28,14,43,34.2163,116.9634,14.1,5.5,n.a
1992,6,28,15,5,34.117,116.868,6.4,6.2,n.a
1992,6,29,10,14,36.6882,116.2968,10.2,5.6,n.a
1992,6,29,14,8,34.0004,116.4259,7.0,4.9,n.a
1992,6,29,14,13,33.9549,116.4691,11.3,5.2,n.a
1992,6,29,16,1,33.7816,116.3865,9.9,4.8,n.a
1992,6,30,21,49,33.9679,117.1203,16.0,n.a,4.0
1992,7,5,21,18,34.5413,116.4424,5.6,5.3,n.a
1992,7,9,1,43,34.1517,116.9441,3.2,5.6,n.a
1992,7,11,18,14,35.056,118.2006,14.0,5.3,n.a
1992,7,24,18,14,33.7982,116.4107,16.5,4.4,n.a
1993,1,16,6,29,37.0055,121.4656,6.1,4.8,n.a
1993,5,17,23,20,36.988,117.805,21.3,6.1,n.a
1993,5,17,23,51,37.0935,117.7409,3.1,4.1,n.a
1993,5,18,23,48,37.0378,117.8019,7.3,5.1,n.a
1993,5,18,23,57,37.0608,117.7791,3.2,4.6,n.a
1993,5,19,3,20,37.1233,117.7553,5.8,4.5,n.a
1993,5,28,4,47,35.0829,119.127,16.3,4.5,n.a
1993,8,21,1,46,33.9991,116.4203,2.7,4.6,n.a
1993,10,18,21,49,32.0276,118.7321,1.4,4.5,n.a
1993,11,14,12,25,35.9009,120.5663,13.0,4.2,n.a
1994,1,17,12,30,34.1769,118.5846,18.3,6.5,n.a
1994,1,17,15,54,34.2803,118.6855,10.2,4.9,n.a
1994,1,17,23,33,34.2214,118.8305,7.4,5.7,n.a
1994,1,18,0,43,34.2893,118.8079,12.6,5.4,n.a
1994,1,19,21,9,34.2306,118.7833,8.5,4.8,n.a
1994,1,27,17,19,34.2745,118.6092,3.2,4.0,n.a
1994,3,20,21,20,34.0975,118.6377,12.2,5.2,n.a
1994,4,6,19,1,34.1485,117.1591,7.3,4.3,n.a
1994,4,21,16,37,36.2639,120.4804,13.1,4.0,n.a
1994,8,11,2,22,32.3329,115.2761,8.5,4.1,n.a
1994,9,12,12,23,38.8421,119.6999,14.2,5.4,n.a
1994,12,20,10,27,35.8035,120.5721,16.6,4.6,n.a
1995,4,23,8,41,36.5193,121.3417,10.4,4.5,n.a
1995,5,7,11,3,33.8792,116.3465,13.2,4.5,n.a
1995,5,17,2,29,39.8021,122.6567,2.1,4.7,n.a
1995,8,17,22,40,35.7289,117.6811,12.1,5.3,n.a
1995,9,4,14,16,38.6288,122.756,3.9,4.7,n.a
1995,9,20,23,27,35.6991,117.7026,11.8,5.0,n.a
1995,11,29,23,12,36.7635,121.5746,9.0,3.8,n.a
1995,12,23,5,39,38.7666,119.537,1.0,4.5,n.a
1996,1,7,14,32,35.711,117.6865,7.3,4.5,n.a
1996,1,26,13,6,35.7591,117.666,0.0,3.4,n.a
1996,1,30,18,34,34.3179,118.4677,11.0,3.8,n.a
1996,4,19,0,52,36.8515,121.6216,8.2,4.2,n.a
1996,5,21,20,50,37.3431,121.7377,9.3,4.4,n.a
1996,10,23,22,9,34.4243,119.4156,5.1,4.1,n.a
1996,11,27,20,17,35.985,117.6571,8.5,4.5,n.a
1996,12,4,21,21,38.7293,122.7651,0.6,4.0,n.a
1997,1,2,22,36,39.0007,123.0771,3.5,3.7,n.a
1997,1,4,14,58,35.9862,117.6569,6.4,3.2,n.a
1997,4,26,10,37,34.2751,118.7707,17.4,4.8,n.a
1997,4,27,11,9,34.2913,118.7141,14.3,4.6,n.a
1997,7,26,3,14,33.3579,116.3888,2.1,4.0,n.a
1997,8,21,16,11,38.5108,118.5012,1.6,4.0,n.a
1997,8,21,16,36,38.4882,118.565,6.5,4.1,n.a
1997,11,15,6,0,37.2276,117.8031,2.0,4.6,n.a
1997,11,22,1,33,38.8753,123.2091,12.7,3.5,n.a
1997,11,22,17,20,37.6416,118.9871,5.8,4.6,n.a
1997,12,9,1,10,32.3673,115.3016,2.0,3.7,n.a
1998,2,17,22,8,39.9046,120.5744,11.2,3.1,n.a
1998,3,6,5,47,36.012,117.6453,1.9,4.9,n.a
1998,3,11,12,18,33.9024,117.2245,11.2,4.0,n.a
1998,4,24,16,17,38.3995,118.4841,1.5,3.9,n.a
1998,6,9,5,24,37.49,118.9001,11.4,4.6,n.a
1998,7,2,3,39,36.8534,117.5173,2.8,4.8,n.a
1998,7,15,4,53,37.5499,118.8031,9.6,4.8,n.a
1998,7,21,8,38,40.5655,122.3709,28.4,4.2,n.a
1998,8,2,14,45,37.5586,118.8394,0.8,3.8,n.a
1998,8,12,14,10,36.7234,121.5262,7.8,4.8,n.a
1998,10,15,5,5,40.8057,123.6395,41.3,4.0,n.a
1998,11,26,19,49,40.577,122.3921,31.5,4.9,n.a
1998,11,26,22,58,40.5522,122.3416,16.7,4.1,n.a
1998,11,28,4,41,40.5431,122.3921,16.9,4.0,n.a
1998,12,25,5,19,38.6986,122.8027,2.9,3.8,n.a
1999,1,13,13,20,32.7226,115.9504,16.7,3.7,n.a
1999,1,18,8,48,36.6565,121.3,12.6,3.6,n.a
1999,1,24,15,34,39.5606,123.6345,21.5,3.8,n.a
1999,1,25,18,52,36.8001,115.9841,3.8,3.8,n.a
1999,3,23,18,36,36.6138,121.415,3.8,3.6,n.a
1999,5,15,13,22,37.4799,118.8093,3.9,5.0,n.a
1999,7,11,18,20,35.709,118.575,9.1,4.5,n.a
1999,8,1,16,6,37.3632,117.1033,8.2,5.7,n.a
1999,8,1,16,11,37.4603,117.0632,13.5,4.7,n.a
1999,8,1,16,27,37.3587,117.1386,10.2,4.7,n.a
1999,8,18,1,6,37.8808,122.7151,7.7,5.1,n.a
1999,8,24,13,4,32.0307,114.6642,7.2,4.7,n.a
1999,9,10,13,40,32.2718,115.183,4.3,4.7,n.a
1999,9,22,22,27,38.3342,122.6885,10.8,3.9,n.a
1999,9,29,6,22,41.3391,123.4216,43.2,3.9,n.a
1999,10,16,9,46,34.5724,116.3471,2.3,6.3,n.a
1999,12,12,18,12,39.6414,118.3687,2.1,4.1,n.a
2000,1,10,21,41,38.6777,122.9282,5.0,3.8,n.a
2000,2,21,13,49,33.9342,117.3089,4.2,3.4,n.a
2000,4,9,10,48,32.611,115.4131,11.0,3.5,n.a
2000,4,25,14,6,32.1249,115.11,15.1,4.2,n.a
2000,5,2,6,45,32.1686,115.0287,11.8,4.5,n.a
2000,5,2,7,16,32.196,115.0527,10.5,4.3,n.a
2000,5,17,22,32,39.3796,123.0649,9.9,3.9,n.a
2000,5,24,23,51,39.3868,122.9504,6.0,3.2,n.a
2000,9,3,8,36,38.3516,122.4021,7.3,4.7,n.a
2000,11,19,12,54,40.4793,119.4949,9.4,4.1,n.a
2000,12,8,7,41,38.7097,122.7999,6.7,3.7,n.a
2000,12,20,22,55,40.9692,121.7535,6.6,3.2,n.a
2000,12,20,23,39,40.9982,121.7416,1.1,4.3,n.a
2001,2,2,23,3,39.707,122.7069,7.0,3.9,n.a
2001,5,15,2,39,35.7331,121.3131,4.4,3.8,n.a
2001,7,19,21,50,38.7244,122.7673,2.6,4.1,n.a
2001,8,10,20,19,39.8282,120.6727,19.0,4.7,n.a
2001,8,11,12,1,39.7777,120.6827,3.2,3.7,n.a
2001,10,31,7,56,33.5063,116.5656,9.1,5.1,n.a
2001,12,7,14,29,38.9956,123.2198,7.3,4.0,n.a
2001,12,8,23,36,32.0422,114.9992,11.9,5.4,n.a
2001,12,9,1,42,32.1109,115.0086,10.5,4.8,n.a
2001,12,14,9,41,39.0294,123.2307,5.7,3.7,n.a
2001,12,28,21,14,36.5327,121.3436,2.8,4.3,n.a
2002,1,29,6,7,34.2494,118.7342,1.2,3.5,n.a
2002,2,22,20,33,32.32,115.3161,12.4,3.5,n.a
2002,9,3,7,8,33.7493,117.9688,2.3,4.3,n.a
2002,11,12,16,48,35.8845,120.6296,8.0,4.3,n.a
2002,12,10,21,3,32.1955,115.7542,0.7,4.5,n.a
2003,1,7,22,29,36.7648,121.4667,8.7,4.0,n.a
2003,2,2,18,22,37.7046,121.9629,13.4,3.8,n.a
2003,4,22,10,46,40.5752,123.9548,27.9,3.9,n.a
2003,11,23,12,20,40.6359,115.0862,2.3,4.1,n.a
2003,12,22,19,15,35.6497,121.1455,12.2,6.1,n.a
2004,3,9,19,54,32.3967,115.2333,10.3,3.9,n.a
2004,6,3,8,54,39.3244,119.9903,10.3,4.1,n.a
2004,6,15,22,28,32.3064,117.8422,6.9,5.0,n.a
2004,8,22,1,25,32.38,115.2115,3.4,4.0,n.a
2004,9,28,17,15,35.7625,120.3275,7.9,5.3,n.a
2004,9,29,17,10,35.9444,120.519,16.0,5.0,n.a
2004,12,12,9,13,40.6865,123.7202,29.6,4.0,n.a
2005,5,21,0,39,33.2508,116.1379,13.6,5.6,n.a
2005,6,12,15,41,33.495,116.5982,10.0,5.0,n.a
2005,8,31,22,47,33.1623,115.6437,1.7,4.3,n.a
2005,9,2,1,27,33.1526,115.6508,10.7,4.9,n.a
2005,10,18,7,31,33.9819,116.7275,0.2,4.0,n.a
2006,3,3,12,49,38.9624,123.1019,8.4,3.3,n.a
2006,4,1,12,26,36.4936,121.1573,12.3,4.2,n.a
2006,4,7,1,6,35.6424,121.2215,8.0,4.1,n.a
2006,5,5,6,36,38.2497,118.7483,3.5,5.0,n.a
2006,5,24,4,20,32.4179,115.2672,7.0,5.1,n.a
2006,5,27,10,21,32.3929,115.2594,26.4,n.a,3.4
2006,5,28,7,40,32.3636,115.1981,2.1,n.a,3.5
2006,6,15,12,24,37.0762,121.5104,6.1,4.2,n.a
2006,8,3,3,8,38.3538,122.5703,14.6,4.5,n.a
2006,11,3,15,56,32.696,116.045,15.3,4.8,n.a
2006,12,15,19,21,36.1635,120.2692,18.1,3.6,n.a
2006,12,16,6,14,36.197,120.2334,13.8,3.8,n.a
2007,3,2,4,40,37.8843,122.1081,12.4,4.0,n.a
2007,4,18,8,42,39.4483,123.1233,12.5,4.6,n.a
2007,4,24,21,8,38.7514,122.8159,10.2,n.a,4.0
2007,5,22,11,34,35.8448,120.4311,15.8,5.1,n.a
2007,6,12,7,23,37.5086,118.9005,7.7,4.5,n.a
2007,7,2,19,58,36.831,121.6583,8.7,4.0,n.a
2007,8,9,7,58,34.2529,118.6524,3.2,4.5,n.a
2007,9,2,17,29,33.5883,117.6011,16.4,4.7,n.a
2007,10,16,8,53,34.3623,117.6309,10.0,4.3,n.a
2007,10,24,12,22,35.8302,117.675,11.2,4.0,n.a
2007,10,31,3,4,37.4195,121.8415,14.0,5.2,n.a
2008,2,9,7,12,32.4429,115.3227,11.7,5.1,n.a
2008,2,11,18,29,32.4425,115.3061,11.5,4.9,n.a
2008,2,12,4,32,32.4713,115.3113,10.6,4.7,n.a
2008,2,12,9,27,32.4562,115.3385,15.4,4.0,n.a
2008,2,19,22,41,32.4884,115.3298,10.6,4.7,n.a
2008,2,21,14,16,41.1418,114.8616,8.9,5.6,n.a
2008,2,21,14,34,40.9328,114.581,11.6,4.5,n.a
2008,2,21,15,34,41.1015,114.9386,4.0,3.7,n.a
2008,2,21,23,57,41.1253,114.9071,11.3,4.6,n.a
2008,2,22,1,50,41.1071,114.9046,1.6,4.0,n.a
2008,2,22,19,31,32.4567,115.324,8.3,4.6,n.a
2008,2,22,23,27,41.1171,114.9034,9.6,4.5,n.a
2008,3,29,22,1,32.4203,115.236,17.8,3.4,n.a
2008,4,1,13,16,41.2108,114.8232,10.9,4.2,n.a
2008,4,22,20,40,41.2055,114.8214,10.4,n.a,4.2
2008,4,23,1,55,34.8563,116.318,6.3,n.a,4.4
2008,4,26,6,40,39.4903,119.9575,2.1,4.7,n.a
2008,4,30,3,3,40.8279,123.4722,33.6,5.4,n.a
2008,5,1,8,11,35.4595,118.3988,4.3,4.5,n.a
2008,6,8,17,55,39.4808,120.0157,2.5,4.0,n.a
2008,6,13,18,31,40.4538,119.8228,4.6,4.0,n.a
2008,7,29,18,42,33.901,117.8228,15.7,5.4,n.a
2008,9,6,4,0,37.7569,122.0122,14.1,4.9,n.a
2008,10,2,9,41,34.0836,116.968,15.2,3.8,n.a
2008,11,20,19,23,32.4232,115.3667,16.5,4.7,n.a
2008,12,21,17,35,36.6263,121.386,17.4,3.9,n.a
2008,12,26,12,19,39.9191,120.9407,11.9,4.2,n.a
2008,12,28,5,17,32.5624,115.5315,29.3,n.a,3.9
2009,1,9,3,49,34.0766,117.3213,14.5,4.3,n.a
2009,2,16,1,3,35.2909,119.4058,1.2,3.6,n.a
2009,3,24,11,55,33.2943,115.7326,8.4,4.3,n.a
2009,4,12,9,41,32.1302,115.7135,16.3,n.a,3.2
2009,5,2,1,11,34.0135,118.9032,17.5,3.9,n.a
2009,5,8,20,27,34.4305,119.147,4.6,4.1,n.a
2009,5,18,3,39,33.9333,118.3492,11.3,4.7,n.a
2009,6,20,12,32,35.6813,120.886,2.4,4.3,n.a
2009,9,6,3,20,35.524,120.6787,1.1,4.0,n.a
2009,9,19,22,55,32.3889,115.266,15.5,4.8,n.a
2009,9,20,0,36,32.3996,115.2849,14.4,4.0,n.a
2009,10,1,10,1,36.3605,117.9026,10.6,4.6,n.a
2009,10,3,1,16,36.4194,117.8027,6.0,4.6,n.a
2009,10,3,11,37,36.3639,117.9694,15.6,3.8,n.a
2009,11,15,22,45,33.2069,119.2244,14.2,4.4,n.a
2009,12,22,23,40,39.7941,123.3567,14.1,3.3,n.a
2009,12,30,18,48,32.5069,115.2433,8.2,5.5,n.a
2010,1,4,14,24,40.2639,123.8658,11.7,3.9,n.a
2010,1,12,2,36,33.9593,116.8926,15.7,3.8,n.a
2010,1,15,8,23,36.0039,117.8232,9.6,4.2,n.a
2010,1,16,12,3,33.8906,117.0712,5.4,3.5,n.a
2010,2,14,21,35,32.2412,116.5359,4.9,3.6,n.a
2010,3,1,9,6,36.0419,117.849,4.6,3.4,n.a
2010,3,16,11,3,33.9939,118.0676,15.0,4.1,n.a
2010,3,31,9,20,32.3448,115.2695,14.7,n.a,3.6
2010,4,4,22,50,32.0714,115.1622,0.9,5.2,n.a
2010,4,4,23,4,32.1627,115.1832,5.9,4.2,n.a
2010,4,4,23,15,32.199,115.2215,2.0,5.2,n.a
2010,4,4,23,25,32.2133,115.229,4.7,5.3,n.a
2010,4,4,23,33,32.3466,115.3447,5.9,4.5,n.a
2010,4,4,23,37,32.4775,115.5495,4.4,4.5,n.a
2010,4,5,1,6,32.3115,115.4315,3.6,4.0,n.a
2010,4,5,2,47,32.3028,115.3304,0.5,3.6,n.a
2010,4,5,2,54,32.4839,115.6147,1.7,4.3,n.a
2010,4,5,4,55,32.0633,115.0746,0.9,4.0,n.a
2010,4,5,6,17,32.6394,115.7777,3.6,3.3,n.a
2010,4,5,13,33,32.6735,115.7862,3.4,4.5,n.a
2010,4,6,0,56,32.1385,115.1793,1.0,3.8,n.a
2010,4,6,1,22,32.0686,115.0523,9.4,3.6,n.a
2010,4,6,1,58,32.2871,115.3548,8.8,3.9,n.a
2010,4,6,4,12,32.603,115.7069,4.9,3.9,n.a
2010,4,6,10,6,32.6647,115.7892,8.1,3.9,n.a
2010,4,6,17,31,32.09,115.0498,7.9,3.5,n.a
2010,4,6,22,9,32.608,115.7191,13.5,4.0,n.a
2010,4,7,4,23,32.0576,115.1368,6.0,3.6,n.a
2010,4,7,11,4,32.2947,115.4217,1.7,3.6,n.a
2010,4,8,2,47,32.6802,115.767,8.8,4.0,n.a
2010,4,8,16,44,32.2307,115.2888,9.2,5.2,n.a
2010,4,9,5,32,32.1958,115.2877,14.7,n.a,3.3
2010,4,9,23,5,32.2137,115.2467,10.7,4.2,n.a
2010,4,10,9,12,32.6556,115.7383,3.2,4.3,n.a
2010,4,11,16,42,32.2633,115.3249,1.9,4.3,n.a
2010,4,14,22,34,32.154,115.1993,9.9,3.9,n.a
2010,4,15,9,20,32.0646,115.0613,0.1,4.0,n.a
2010,4,17,16,9,32.273,115.3543,2.2,3.7,n.a
2010,4,22,14,22,32.6635,115.7916,7.6,3.7,n.a
2010,4,22,17,12,32.6729,115.7886,9.9,4.0,n.a
2010,4,25,18,4,32.2826,115.3565,7.3,3.2,n.a
2010,4,27,10,55,32.6947,115.8331,11.5,4.2,n.a
2010,5,4,11,26,32.2482,115.2968,9.6,4.7,n.a
2010,5,8,19,23,35.0052,119.257,8.7,3.8,n.a
2010,5,15,8,38,32.176,115.2721,4.5,3.5,n.a
2010,5,19,0,39,32.6743,115.8498,7.6,4.4,n.a
2010,5,22,17,30,32.6087,115.7619,11.4,4.4,n.a
2010,6,2,16,7,32.1333,115.1735,16.1,n.a,3.2
2010,6,11,20,51,32.4098,115.2148,12.4,4.3,n.a
2010,6,13,3,8,33.3818,116.4064,15.6,4.2,n.a
2010,6,15,4,26,32.6951,115.9368,5.4,5.5,n.a
2010,6,15,8,14,32.6373,115.864,10.2,n.a,3.2
2010,7,6,16,38,32.2394,115.3512,12.8,n.a,3.2
2010,7,7,23,53,33.4024,116.4998,10.2,5.2,n.a
2010,8,24,5,42,33.5105,118.9813,5.3,3.8,n.a
2010,8,29,15,53,32.2124,115.3125,12.7,n.a,3.4
2010,9,14,10,52,32.134,115.2137,12.1,4.6,n.a
2010,9,15,6,9,32.1948,115.2541,16.0,4.4,n.a
2010,9,30,8,37,37.1561,117.3503,4.0,4.1,n.a
2010,11,4,19,39,32.8639,115.9899,14.8,5.3,n.a
2010,12,11,12,52,32.1849,115.3132,7.9,4.5,n.a
2010,12,15,19,16,33.0364,115.5686,12.8,n.a,3.4
2011,1,22,19,21,38.5284,118.3982,0.1,3.1,n.a
2011,2,18,17,47,32.0538,115.0967,6.8,4.9,n.a
2011,2,20,19,34,32.1368,115.254,9.4,4.4,n.a
2011,3,31,20,22,32.3847,115.2329,7.5,4.1,n.a
2011,4,5,11,56,35.9796,121.7062,6.4,4.0,n.a
2011,4,13,22,10,38.3271,118.7399,0.3,4.3,n.a
2011,4,15,13,33,38.3873,118.7267,3.2,3.5,n.a
2011,4,17,0,45,38.411,118.7329,0.9,4.4,n.a
2011,5,3,21,41,36.3839,117.8787,5.8,3.9,n.a
2011,5,12,16,23,38.3937,118.7162,2.3,n.a,3.1
2011,6,9,15,22,32.6711,115.7486,9.2,4.0,n.a
2011,7,15,10,37,32.1035,115.1222,10.1,n.a,3.3
2011,8,24,11,59,37.5261,118.8983,6.7,5.0,n.a
2011,8,27,7,18,36.5517,121.2362,12.1,4.2,n.a
2011,10,1,7,7,38.7962,118.9952,25.0,5.1,n.a
2011,10,15,11,42,37.8981,118.5569,6.1,3.5,n.a
2011,10,21,3,16,37.8158,122.3907,25.8,n.a,3.0
2011,10,27,6,37,39.5816,120.4718,16.5,4.6,n.a
2011,12,30,15,34,32.182,115.298,19.6,n.a,3.5
2012,1,3,14,18,33.2091,119.4159,15.0,3.8,n.a
2012,1,18,13,31,32.3594,115.2767,3.7,3.5,n.a
2012,2,13,4,47,38.8058,122.7353,7.0,3.9,n.a
2012,2,13,21,7,41.0977,123.7101,32.8,5.3,n.a
2012,2,14,10,9,32.1306,115.1831,12.4,4.8,n.a
2012,2,29,1,27,32.2051,115.2743,8.0,3.8,n.a
2012,2,29,5,0,41.1333,123.8308,10.0,3.8,n.a
2012,3,5,13,33,37.9163,122.2969,13.0,3.6,n.a
2012,4,23,17,37,33.5095,117.7336,1.6,3.3,n.a
2012,4,28,15,7,34.1428,117.4512,11.1,4.0,n.a
2012,4,28,21,25,32.1861,115.3186,1.4,3.7,n.a
2012,5,5,9,23,38.8105,122.7747,0.1,4.2,n.a
2012,5,13,12,38,38.8095,122.8063,4.2,n.a,3.1
2012,5,22,15,6,32.6886,115.705,14.8,n.a,3.2
2012,5,30,5,14,33.6631,119.0408,10.0,3.5,n.a
2012,6,23,3,51,39.2882,120.0232,1.6,4.5,n.a
2012,7,1,3,25,32.2172,115.3448,3.0,4.6,n.a
2012,7,1,6,36,32.1972,115.3102,6.2,4.6,n.a
2012,7,1,7,54,32.193,115.2761,2.5,n.a,3.0
2012,7,8,12,5,39.514,123.6737,10.3,4.2,n.a
2012,8,6,7,35,35.9209,120.4876,12.1,4.5,n.a
2012,8,8,6,23,33.8153,117.8329,1.3,3.7,n.a
2012,8,8,16,33,33.8509,117.7831,5.9,4.2,n.a
2012,8,26,19,20,33.0273,115.5666,13.2,4.3,n.a
2012,8,26,19,31,33.0466,115.5352,2.3,4.7,n.a
2012,8,26,20,57,33.0337,115.5541,2.4,4.7,n.a
2012,8,26,21,15,33.0514,115.5457,10.0,3.8,n.a
2012,8,26,22,58,32.9371,115.5888,11.7,n.a,3.2
2012,8,26,23,33,32.9958,115.5758,13.6,4.6,n.a
2012,8,27,4,41,33.0575,115.5877,10.1,4.5,n.a
2012,8,28,2,1,33.0071,115.5686,14.6,n.a,3.5
2012,9,7,13,23,36.1182,120.0609,9.4,4.1,n.a
2012,9,25,15,15,39.1138,123.2364,10.0,4.2,n.a
2012,10,2,8,28,32.8119,116.1496,9.8,4.2,n.a
2012,10,19,2,51,32.1106,115.2162,8.5,n.a,3.3
2012,10,21,6,55,36.303,120.8938,10.8,5.2,n.a
2012,10,29,4,25,36.5784,121.1928,10.0,3.8,n.a
2013,1,24,23,25,38.6309,119.6143,10.0,3.4,n.a
2013,2,13,0,10,38.0199,117.9878,10.0,4.8,n.a
2013,2,28,15,29,38.0655,118.0259,3.7,3.4,n.a
2013,3,1,21,55,35.8226,116.7891,10.0,3.3,n.a
2013,3,11,16,56,33.4826,116.4524,10.2,4.8,n.a
2013,3,14,9,9,38.7701,122.8444,10.0,4.1,n.a
2013,3,29,1,22,35.6878,121.0821,10.0,3.8,n.a
2013,5,15,20,0,33.6527,118.3663,7.3,3.8,n.a
2013,5,24,3,47,40.1253,121.1529,7.4,5.5,n.a
2013,5,24,8,2,40.1702,121.1489,2.5,4.7,n.a
2013,5,24,9,52,40.1824,121.0642,10.0,3.6,n.a
2013,5,29,14,38,34.4081,119.7972,19.7,4.9,n.a
2013,8,4,5,30,36.1351,118.057,10.0,3.9,n.a
2013,8,12,7,32,35.9624,117.743,3.6,4.0,n.a
2013,8,24,1,16,34.5249,120.8653,14.3,4.2,n.a
2013,8,25,18,50,35.483,118.2079,0.6,3.7,n.a
2013,8,27,0,51,39.6393,119.696,3.7,4.0,n.a
2013,9,14,10,25,32.3812,115.2826,12.4,n.a,3.2
2013,12,13,7,49,35.7531,119.836,4.6,4.1,n.a
2013,12,23,13,39,36.1161,118.0634,5.2,4.5,n.a
2014,1,12,20,24,38.7969,122.8028,0.1,4.1,n.a
2014,1,15,9,35,34.1433,117.4472,10.7,4.3,n.a
2014,2,6,19,42,35.4932,121.3261,0.2,4.3,n.a
2014,2,27,18,52,35.8345,121.5226,5.0,4.2,n.a
2014,3,13,2,11,36.1022,118.0162,10.0,4.4,n.a
2014,3,17,13,25,34.1238,118.4751,15.2,4.6,n.a
2014,3,29,4,9,33.8845,117.9228,13.5,5.1,n.a
2014,3,29,21,32,33.9421,117.8903,16.4,4.4,n.a
2014,6,2,2,36,34.0874,118.5024,9.7,n.a,3.3
2014,7,5,16,59,34.2861,117.0326,14.8,4.4,n.a
2014,8,21,4,33,36.6735,121.0245,10.0,4.2,n.a
2014,8,24,10,20,38.1734,122.2985,8.3,5.7,n.a
2014,9,28,20,45,36.6352,120.7634,6.5,4.5,n.a
2014,11,5,7,23,41.8545,119.6458,6.9,4.6,n.a
2014,11,6,1,17,41.6484,119.6743,3.5,3.8,n.a
2014,11,6,8,34,41.8372,119.7165,10.0,4.4,n.a
2014,11,7,8,5,41.8219,119.6432,2.2,4.5,n.a
2014,11,10,8,42,32.8661,118.6228,12.6,3.7,n.a
2014,11,12,14,42,41.8876,119.7186,10.0,4.0,n.a
2014,11,13,6,36,41.9177,119.6745,6.1,4.8,n.a
2014,11,20,6,26,36.7774,121.6,5.8,4.0,n.a
2014,12,4,5,24,41.8481,119.669,5.5,n.a,3.3
2015,1,4,3,18,34.608,118.6246,8.6,4.2,n.a
2015,1,4,9,56,41.8368,119.6096,10.0,3.9,n.a
2015,1,20,13,21,36.3428,120.9852,7.6,4.7,n.a
2015,1,22,9,9,41.9372,119.6817,6.4,4.6,n.a
2015,1,29,11,3,41.8826,119.6477,5.3,4.4,n.a
2015,2,14,2,28,37.1408,117.2172,8.9,4.7,n.a
2015,2,26,19,17,41.9356,119.5525,10.0,4.2,n.a
2015,2,28,10,41,38.905,115.4262,10.0,3.5,n.a
2015,3,27,13,30,36.205,120.4246,11.9,4.1,n.a
2015,4,8,19,23,32.3952,115.2072,12.7,4.1,n.a
2015,4,8,19,30,32.3904,115.2681,11.7,3.4,n.a
2015,5,19,18,36,36.6574,120.8977,13.0,3.4,n.a
2015,5,22,2,53,38.4479,122.2024,8.2,3.6,n.a
2015,5,22,18,47,37.3335,114.6505,6.0,4.8,n.a
2015,7,16,1,52,41.8775,119.6168,2.6,4.3,n.a
2015,7,16,1,57,41.9068,119.6454,2.5,3.9,n.a
2015,7,21,9,41,37.5358,121.9993,11.1,3.9,n.a
2015,7,27,1,5,41.8151,119.6302,1.8,4.4,n.a
2015,8,17,13,49,37.8227,122.2756,10.8,4.5,n.a
2015,8,23,17,41,38.7463,122.7056,10.0,3.1,n.a
2015,9,14,13,55,41.8571,119.5881,7.6,4.6,n.a
2015,9,27,2,44,41.8669,119.5798,0.4,4.3,n.a
2015,10,29,16,47,41.8929,119.5852,1.5,4.0,n.a
2015,11,19,1,40,41.8902,119.5833,10.0,3.7,n.a
2015,12,6,11,13,41.8873,119.6166,1.1,4.0,n.a
2015,12,23,6,46,39.4294,119.7632,10.0,3.9,n.a
2015,12,24,20,30,41.8872,119.6011,10.0,4.6,n.a
2015,12,27,18,31,35.2042,117.2921,6.6,4.3,n.a
2015,12,28,15,10,41.3975,118.9763,10.0,3.6,n.a
2015,12,30,1,48,34.1747,117.4212,9.5,4.2,n.a
2016,1,3,15,35,41.9191,119.6393,7.2,3.8,n.a
2016,1,6,14,42,33.9505,116.8977,14.9,4.3,n.a
2016,1,24,15,32,34.6667,116.1928,2.8,4.2,n.a
2016,2,16,9,24,34.2976,116.8689,6.9,n.a,3.0
2016,2,16,23,4,37.2231,118.3838,1.2,4.2,n.a
2016,2,16,23,27,37.2038,118.3858,9.1,3.6,n.a
2016,2,20,6,13,34.6034,116.6131,6.7,4.3,n.a
2016,2,23,3,19,34.6739,116.2378,3.7,3.9,n.a
2016,2,24,0,2,35.5034,119.3767,14.3,4.7,n.a
2016,3,12,8,42,34.4912,119.0741,0.9,4.2,n.a
2016,3,21,7,37,38.4759,118.3617,8.3,3.9,n.a
2016,3,22,10,0,38.6845,118.7623,10.0,3.4,n.a
2016,5,14,14,20,40.6374,119.4657,9.0,2.9,n.a
2016,6,10,8,4,33.4227,116.4497,3.0,5.1,n.a
2016,7,7,23,14,38.6547,118.7968,10.0,3.5,n.a
2016,7,7,23,40,38.6037,118.7965,6.8,3.9,n.a
2016,7,18,5,53,36.6753,121.3356,10.5,n.a,3.2
2016,7,19,21,38,36.6537,121.392,10.3,4.1,n.a
2016,7,21,23,9,40.6958,123.8862,23.7,4.7,n.a
2016,7,31,16,21,32.9607,115.7725,16.2,n.a,3.3
2016,8,4,4,55,40.2133,120.2278,2.4,4.5,n.a
2016,8,10,2,57,39.2946,122.77,16.8,5.0,n.a
2016,8,28,21,20,40.4191,123.413,35.7,4.2,n.a
2016,9,26,14,31,33.2822,115.7253,24.2,n.a,3.5
2016,11,6,13,0,39.6387,123.6298,9.9,4.3,n.a
2016,12,14,11,58,35.5527,120.8074,14.4,3.9,n.a
2016,12,14,16,41,38.8117,122.8207,10.0,4.7,n.a
2016,12,28,8,18,38.3562,118.9154,5.5,5.1,n.a
2016,12,28,8,22,38.368,118.8613,7.5,5.3,n.a
2016,12,28,9,13,38.3874,118.924,5.0,5.2,n.a
2017,1,27,19,8,38.7995,122.7487,6.7,n.a,3.4
2017,2,21,0,57,38.7698,122.75,7.2,3.7,n.a
2017,4,17,20,31,38.7717,122.7075,1.0,n.a,3.3
2017,4,30,10,12,38.7719,122.7824,0.7,3.7,n.a
2017,5,17,4,42,34.404,119.9911,13.3,3.9,n.a
2017,7,9,9,12,37.5397,118.9517,10.0,3.1,n.a
2017,8,12,3,0,38.0626,118.9291,8.4,n.a,3.1
2017,8,22,19,51,35.8989,116.9221,10.2,4.1,n.a
2017,10,10,0,53,37.3077,121.669,14.9,4.2,n.a
2017,10,26,20,38,34.4283,120.571,14.0,4.5,n.a
2017,11,13,19,31,36.6202,121.2719,10.4,4.6,n.a
2017,12,14,4,57,39.5835,123.6129,12.5,n.a,3.5
2018,1,4,10,39,37.8463,122.2755,13.9,4.4,n.a
2018,1,18,5,55,38.7769,122.721,3.3,4.0,n.a
2018,1,25,10,9,33.7208,117.5036,12.6,4.1,n.a
2018,3,7,18,5,35.4813,120.0196,12.9,3.6,n.a
2018,4,5,19,29,33.8403,119.7162,10.4,5.1,n.a
2018,4,16,16,36,35.0426,119.0452,11.3,3.7,n.a
2018,5,8,11,49,34.0132,116.7784,15.9,4.5,n.a
2018,5,10,2,58,38.7946,122.7681,10.0,3.5,n.a
2018,7,5,15,17,35.8871,115.7614,11.0,4.2,n.a
2018,8,15,1,24,33.4641,116.8214,9.0,4.3,n.a
2018,8,29,2,33,34.1195,117.771,9.5,4.4,n.a
2018,9,29,2,17,32.3882,115.2265,17.8,4.2,n.a
2018,11,2,12,58,36.6869,121.2766,17.9,n.a,3.5
2018,11,19,20,18,32.1785,115.2891,16.3,4.5,n.a
2018,11,27,13,7,36.0258,120.1857,12.7,4.1,n.a
2018,12,5,21,40,35.7199,117.0782,3.9,4.0,n.a
2019,2,6,18,23,40.8536,123.7743,27.3,4.3,n.a
2019,2,7,16,41,34.69,116.2682,10.7,3.2,n.a
2019,4,15,11,54,38.7917,122.7787,3.8,3.2,n.a
2019,4,28,17,3,39.8017,117.5286,10.0,3.9,n.a
2019,4,28,21,56,39.7758,117.4759,10.0,3.9,n.a
2019,4,29,7,16,39.3382,123.2141,11.5,4.2,n.a
2019,6,5,10,47,32.836,118.4265,2.4,4.3,n.a
2019,6,5,14,32,32.7983,118.4704,2.1,4.1,n.a
2019,6,11,7,24,37.4958,116.6812,3.8,3.7,n.a
2019,6,30,23,43,37.7873,114.3361,10.0,3.9,n.a
2019,7,4,17,2,35.6937,117.5081,15.7,3.4,n.a
2019,7,4,17,33,35.6695,117.5276,12.2,5.6,n.a
2019,7,4,18,27,35.7518,117.533,6.4,4.1,n.a
2019,7,4,18,39,35.584,117.5768,1.2,4.5,n.a
2019,7,4,18,47,35.6675,117.4964,12.9,4.3,n.a
2019,7,4,18,54,35.5805,117.6158,13.8,3.5,n.a
2019,7,4,18,56,35.707,117.5605,7.7,4.4,n.a
2019,7,4,19,21,35.6614,117.4735,7.0,4.4,n.a
2019,7,4,19,56,35.6401,117.5096,1.4,3.5,n.a
2019,7,4,20,14,35.6685,117.5143,12.6,3.1,n.a
2019,7,4,22,12,35.7108,117.5337,10.0,4.2,n.a
2019,7,4,23,34,35.5922,117.6244,12.6,4.0,n.a
2019,7,5,0,18,35.7688,117.6079,5.7,3.5,n.a
2019,7,5,0,32,35.6852,117.4536,3.1,3.2,n.a
2019,7,5,2,1,35.6225,117.552,12.1,3.3,n.a
2019,7,5,11,7,35.7222,117.5744,12.3,5.2,n.a
2019,7,5,12,38,35.759,117.5724,9.5,4.0,n.a
2019,7,5,14,39,35.7153,117.566,10.0,3.9,n.a
2019,7,5,17,2,35.6188,117.5786,12.6,4.0,n.a
2019,7,6,3,16,35.7108,117.5483,2.8,4.6,n.a
2019,7,6,3,19,35.7232,117.6203,9.3,5.9,n.a
2019,7,6,3,44,35.889,117.704,8.4,4.2,n.a
2019,7,6,3,46,35.6724,117.4702,1.7,4.1,n.a
2019,7,6,3,47,35.8904,117.7367,8.6,4.9,n.a
2019,7,6,3,51,35.8421,117.6722,11.7,4.6,n.a
2019,7,6,3,57,35.8574,117.678,10.0,4.0,n.a
2019,7,6,4,7,35.5472,117.5176,1.4,4.2,n.a
2019,7,6,4,13,35.5854,117.6537,14.3,4.7,n.a
2019,7,6,4,18,35.8867,117.6905,10.4,5.0,n.a
2019,7,6,4,36,35.853,117.7127,10.0,4.7,n.a
2019,7,6,4,40,35.6315,117.4282,3.6,4.2,n.a
2019,7,6,4,52,35.8705,117.6791,6.5,4.2,n.a
2019,7,6,5,25,35.824,117.6697,5.3,4.1,n.a
2019,7,6,5,58,35.9346,117.6884,0.5,4.4,n.a
2019,7,6,6,1,35.9007,117.7244,9.0,4.2,n.a
2019,7,6,6,12,35.5644,117.3669,7.9,4.0,n.a
2019,7,6,7,54,35.6951,117.52,2.1,4.0,n.a
2019,7,6,8,32,35.6013,117.4887,8.1,4.7,n.a
2019,7,6,8,59,35.5274,117.3815,6.7,3.9,n.a
2019,7,6,9,28,35.8786,117.7153,10.0,4.4,n.a
2019,7,6,9,30,35.9031,117.7329,10.0,4.1,n.a
2019,7,6,10,48,35.5711,117.3688,8.8,4.0,n.a
2019,7,6,11,6,35.7909,117.6133,5.9,4.2,n.a
2019,7,6,11,15,35.6312,117.4652,7.4,4.0,n.a
2019,7,6,11,53,35.8751,117.7184,10.0,4.0,n.a
2019,7,6,13,6,35.914,117.7024,10.0,4.3,n.a
2019,7,6,13,43,35.5813,117.4406,9.8,3.6,n.a
2019,7,6,16,36,35.5602,117.5092,15.1,n.a,3.1
2019,7,6,17,41,35.8683,117.7044,13.4,3.9,n.a
2019,7,6,23,50,35.8189,117.6491,8.7,4.3,n.a
2019,7,7,5,38,35.7205,117.5684,11.0,4.4,n.a
2019,7,7,11,22,35.7931,117.5924,12.7,n.a,3.4
2019,7,7,23,36,35.8249,117.6226,12.1,3.9,n.a
2019,7,8,16,4,35.6703,117.4829,10.8,4.3,n.a
2019,7,10,0,48,36.053,117.8491,5.2,4.0,n.a
2019,7,10,1,43,35.8976,117.6817,4.5,3.8,n.a
2019,7,10,7,5,36.0448,117.8372,10.0,3.2,n.a
2019,7,10,12,28,36.044,117.8544,4.3,4.1,n.a
2019,7,10,18,49,36.1688,117.882,7.9,4.2,n.a
2019,7,10,20,9,35.658,117.5057,8.9,4.2,n.a
2019,7,11,0,14,36.159,117.8734,1.8,4.0,n.a
2019,7,11,0,15,36.146,117.8832,10.0,4.1,n.a
2019,7,11,4,10,36.0579,117.8392,4.3,4.2,n.a
2019,7,11,7,4,36.176,117.881,2.7,3.5,n.a
2019,7,11,15,32,36.1626,117.8722,6.8,n.a,4.0
2019,7,11,23,45,35.9414,117.7002,4.9,n.a,3.4
2019,7,12,3,27,35.9324,117.3634,2.5,n.a,3.2
2019,7,12,13,11,35.6228,117.5662,11.3,4.5,n.a
2019,7,15,8,38,36.0508,117.8448,6.7,4.3,n.a
2019,7,16,20,11,37.8362,121.724,17.9,4.0,n.a
2019,7,16,20,15,35.7784,117.6008,8.6,4.3,n.a
2019,7,17,2,29,36.117,117.8772,8.7,4.2,n.a
2019,7,18,3,59,36.1147,117.8787,4.7,4.3,n.a
2019,7,22,16,26,33.9843,116.0531,12.5,4.2,n.a
2019,7,23,1,36,35.741,117.5496,9.4,n.a,2.8
2019,7,23,7,45,35.607,117.4329,8.2,n.a,3.2
2019,7,26,0,42,35.9281,117.6824,3.6,4.6,n.a
2019,7,27,10,30,35.6228,117.4701,10.0,4.2,n.a
2019,8,15,11,50,36.0866,117.8591,2.9,3.8,n.a
2019,8,22,20,49,35.8964,117.6996,7.1,4.7,n.a
2019,8,23,5,34,35.8841,117.6915,12.2,4.1,n.a
2019,9,10,4,25,39.5355,116.5448,10.0,4.2,n.a
2019,10,15,5,33,37.9499,122.0743,14.0,4.5,n.a
2019,10,15,19,42,36.6212,121.3112,9.4,4.8,n.a
2019,12,17,18,29,35.7743,120.3703,11.0,4.2,n.a
2019,12,21,8,24,35.6091,117.4338,8.2,3.6,n.a
2020,1,2,10,12,33.9153,119.1965,7.8,4.2,n.a
2020,1,12,5,21,32.3893,115.2287,14.6,n.a,3.4
2020,1,25,3,3,35.0917,116.9673,9.7,4.7,n.a
2020,2,1,18,36,37.5889,118.8065,11.3,4.2,n.a
2020,3,3,15,1,36.4961,120.5905,9.2,n.a,3.5
2020,3,8,0,33,36.1129,117.8581,1.3,n.a,3.4
2020,3,13,22,37,37.5405,117.7434,6.2,3.8,n.a
2020,3,21,1,33,39.1275,119.7101,6.7,4.6,n.a
2020,3,23,5,53,35.941,117.3582,9.8,3.8,n.a
2020,3,25,11,57,38.7823,122.7608,13.0,3.6,n.a
2020,4,4,1,53,33.4818,116.5136,10.5,4.6,n.a
2020,4,5,19,20,37.5105,118.8286,6.2,3.6,n.a
2020,4,11,14,36,38.0541,118.775,8.0,4.8,n.a
2020,4,11,16,22,38.0364,118.7504,6.0,4.0,n.a
2020,4,27,3,46,35.6757,117.4869,16.1,4.2,n.a
2020,5,10,22,7,33.0114,116.0215,12.5,4.4,n.a
2020,5,15,11,3,38.1142,117.8613,11.4,5.9,n.a
2020,5,15,11,18,38.1484,117.9429,8.4,4.2,n.a
2020,5,15,11,26,38.1711,117.897,1.5,4.8,n.a
2020,5,15,11,30,38.1413,117.9868,7.1,4.1,n.a
2020,5,15,11,52,38.1461,117.9661,7.2,4.2,n.a
2020,5,15,12,0,38.1581,117.7817,11.7,3.9,n.a
2020,5,15,17,50,38.188,117.8272,6.6,4.2,n.a
2020,5,15,22,15,38.1482,117.9905,3.6,4.3,n.a
2020,5,15,22,46,38.1627,117.8517,6.1,n.a,3.2
2020,5,16,4,12,38.141,117.9582,4.0,4.2,n.a
2020,5,16,10,28,38.2019,117.8998,3.5,n.a,3.1
2020,5,16,11,50,38.206,117.6942,7.0,4.4,n.a
2020,5,16,23,27,38.1324,118.0299,7.3,4.2,n.a
2020,5,17,11,53,38.1399,117.9573,7.6,3.9,n.a
2020,5,17,21,47,38.14,118.037,6.5,4.2,n.a
2020,5,18,2,19,38.1554,118.0937,9.0,3.8,n.a
2020,5,19,9,8,38.1831,117.7983,16.1,4.2,n.a
2020,5,19,22,12,38.1579,117.8572,9.5,4.4,n.a
2020,5,20,3,13,38.1403,118.0576,8.5,3.9,n.a
2020,5,20,3,49,38.1265,118.0473,0.7,3.6,n.a
2020,5,20,9,46,38.1275,118.0515,6.2,4.0,n.a
2020,5,20,12,36,38.1868,117.7528,5.7,4.7,n.a
2020,5,20,12,38,38.2261,117.7806,7.0,4.0,n.a
2020,5,22,0,22,38.2279,117.7936,7.3,4.4,n.a
2020,5,22,13,1,38.1243,118.0593,6.2,4.3,n.a
2020,5,24,12,55,35.859,117.7104,11.4,3.5,n.a
2020,5,28,8,29,38.1791,118.058,9.5,4.0,n.a
2020,5,31,1,7,38.033,118.7981,10.0,4.3,n.a
2020,6,3,4,36,35.2247,117.1733,9.8,4.2,n.a
2020,6,4,1,32,35.5911,117.3931,8.5,5.1,n.a
2020,6,4,2,27,36.1521,117.9585,10.6,4.3,n.a
2020,6,8,3,24,38.2054,117.7859,8.0,4.7,n.a
2020,6,8,4,15,35.6272,117.4186,13.8,4.2,n.a
2020,6,19,10,26,38.1902,117.7648,13.0,4.2,n.a
2020,6,19,20,42,38.1778,117.7719,7.6,n.a,3.9
2020,6,23,0,25,36.4474,117.9709,5.0,4.5,n.a
2020,6,24,17,40,36.4495,117.9772,10.6,5.5,n.a
2020,6,24,17,59,36.4315,117.8987,14.6,4.2,n.a
2020,6,30,9,24,38.1626,117.9295,6.9,4.2,n.a
2020,7,6,6,12,38.1849,117.8674,6.0,3.9,n.a
2020,7,26,2,6,38.2024,117.7109,10.0,4.1,n.a
2020,7,30,3,23,36.1715,120.8017,11.7,3.8,n.a
2020,7,30,11,29,34.3044,118.4263,15.8,4.2,n.a
2020,8,10,15,56,33.245,115.6955,10.2,4.3,n.a
2020,8,10,19,29,33.2681,115.691,13.9,n.a,3.2
2020,8,12,11,45,38.7697,122.7303,6.6,n.a,3.2
2020,8,19,0,55,39.3517,123.229,12.5,4.3,n.a
2020,8,19,1,59,39.3715,123.2631,16.6,4.1,n.a
2020,8,19,17,32,36.4646,117.5033,1.5,4.7,n.a
2020,9,19,6,38,34.0386,118.0747,17.3,4.6,n.a
2020,10,1,0,31,33.0368,115.6352,10.5,4.6,n.a
2020,10,20,1,58,39.3298,123.3355,10.9,3.6,n.a
2020,11,13,9,13,38.1712,117.8454,9.4,5.0,n.a
2020,12,1,23,32,38.1744,118.0466,9.4,4.9,n.a
2020,12,1,23,43,38.1507,118.0712,5.9,3.6,n.a
2020,12,1,23,47,38.1647,118.0773,6.8,4.4,n.a
2020,12,2,2,23,38.18,118.0584,5.6,4.3,n.a
2020,12,2,2,24,38.1366,118.0544,4.0,4.3,n.a
2020,12,2,4,49,38.1613,118.0632,7.4,4.0,n.a
2020,12,2,16,8,38.1601,118.0709,4.4,3.8,n.a
2020,12,3,3,18,38.1692,117.8204,1.6,4.7,n.a
2020,12,3,5,15,38.1634,118.047,6.8,4.8,n.a
2020,12,6,15,3,39.0127,123.0684,8.3,4.3,n.a
2020,12,12,7,50,38.1309,118.0947,10.7,4.8,n.a
2020,12,14,21,20,38.1427,118.1059,8.2,4.8,n.a
2020,12,22,0,29,32.3146,115.4221,13.2,3.9,n.a
2021,1,2,14,42,36.5896,121.2442,8.8,4.0,n.a
2021,1,17,2,49,36.1834,118.097,10.0,3.9,n.a
2021,1,17,3,14,36.1763,118.0972,10.0,3.6,n.a
2021,1,17,4,1,36.8457,121.6473,10.3,3.9,n.a
2021,2,21,1,20,36.1403,118.0711,10.0,3.2,n.a
2021,3,24,15,41,39.237,123.4995,12.7,4.1,n.a
2021,3,30,16,4,38.1748,118.0618,7.3,4.3,n.a
2021,3,31,8,56,32.3749,115.2679,12.0,4.3,n.a
2021,4,2,19,8,38.1807,117.8666,10.0,n.a,3.0
2021,4,5,11,44,33.9397,118.3279,24.3,4.2,n.a
2021,4,19,18,50,38.7495,122.6834,6.9,n.a,3.2
2021,4,20,9,48,40.1863,123.6068,34.2,3.9,n.a
2021,4,23,11,18,39.5293,123.0542,7.6,n.a,3.3
2021,5,7,4,35,39.4579,120.3201,10.9,4.4,n.a
2021,5,8,8,13,38.1956,117.8565,7.9,3.4,n.a
2021,6,5,17,55,33.1296,115.6451,10.5,4.9,n.a
2021,6,7,21,8,33.1675,115.677,18.5,n.a,3.2
2021,6,12,4,39,33.2067,115.6716,12.2,n.a,3.6
2021,6,13,6,54,38.824,122.802,9.1,3.6,n.a
2021,6,29,1,29,37.6974,122.1321,11.3,3.8,n.a
2021,7,3,23,23,36.9961,120.828,11.9,3.9,n.a
2021,7,8,22,49,38.5096,119.4778,11.0,5.6,n.a
2021,7,8,22,50,38.4945,119.4681,16.6,5.0,n.a
2021,7,8,22,59,38.5226,119.5122,6.6,3.9,n.a
2021,7,8,23,33,38.4688,119.5573,4.6,4.6,n.a
2021,7,8,23,58,38.5408,119.5739,2.4,4.3,n.a
2021,7,9,0,27,38.4941,119.5093,10.0,4.0,n.a
2021,7,9,1,46,38.5115,119.5387,5.6,4.4,n.a
2021,7,9,5,4,38.5378,119.4961,9.8,3.7,n.a
2021,7,9,5,10,38.5415,119.5268,7.9,3.8,n.a
2021,8,27,4,47,38.557,119.4395,3.5,4.4,n.a
2021,8,31,16,9,36.5727,121.1986,12.6,3.9,n.a
2021,8,31,17,21,40.8881,114.9309,2.6,4.7,n.a
2021,9,18,2,58,33.8294,118.2457,14.4,4.3,n.a
2021,10,25,23,42,35.7577,121.365,0.6,4.8,n.a
2021,11,4,0,24,39.8917,123.4068,9.7,n.a,3.4
2022,1,6,0,28,37.3102,117.906,9.9,4.7,n.a
2022,1,13,3,19,33.4431,116.4509,13.6,2.9,n.a
2022,1,22,22,40,38.2398,118.3397,2.8,4.0,n.a
2022,1,30,17,46,33.3429,116.9047,14.0,4.0,n.a
2022,2,15,21,16,38.1731,117.7534,10.5,4.3,n.a
2022,2,27,1,44,34.4312,119.1194,23.0,4.1,n.a
2022,3,13,20,51,36.5797,121.1906,11.7,3.7,n.a
2022,3,18,4,51,38.529,119.5014,9.9,4.0,n.a
2022,4,2,10,31,41.0426,123.5212,33.3,3.7,n.a
2022,5,26,9,23,35.5949,117.4033,10.0,4.3,n.a
2022,6,2,12,7,38.1024,122.0047,15.4,4.0,n.a
2022,6,16,16,55,38.1884,117.7903,9.6,4.2,n.a
2022,6,28,11,57,38.817,122.7773,4.4,n.a,3.4
2022,7,15,1,19,35.691,117.5702,8.8,4.4,n.a
2022,7,23,1,41,39.4538,121.484,6.2,4.3,n.a
2022,8,8,20,44,38.5872,119.4173,6.9,4.3,n.a
2022,9,1,13,36,36.5368,121.1266,2.3,4.0,n.a
2022,9,14,1,39,38.4739,122.7134,2.8,4.4,n.a
2022,9,20,14,3,39.8106,123.1626,12.1,4.1,n.a
2022,10,20,0,2,38.7879,122.8024,10.0,4.0,n.a
2022,10,20,7,55,40.3366,123.5224,33.0,4.1,n.a
2022,10,25,18,42,37.3209,121.6898,9.5,4.9,n.a
2022,12,6,0,10,35.9497,119.9983,15.2,4.0,n.a
2022,12,31,12,12,33.3934,116.3936,10.2,4.1,n.a
2023,1,1,6,49,36.5491,121.2694,10.5,3.7,n.a
2023,1,1,18,35,40.4115,123.9236,31.6,4.9,n.a
2023,1,20,8,1,41.1252,123.8751,27.0,4.3,n.a
2023,1,25,10,0,33.8827,118.6926,13.3,4.5,n.a
2023,3,14,5,0,37.4922,117.9971,10.0,3.8,n.a
2023,3,14,10,13,37.5157,117.9742,7.0,3.7,n.a
2023,3,15,21,44,37.5118,117.9677,10.0,3.8,n.a
2023,3,18,7,3,37.5059,117.972,7.0,3.9,n.a
2023,3,18,14,23,37.5023,117.9688,7.0,3.4,n.a
2023,4,1,1,16,33.3773,116.9351,15.2,3.9,n.a
2023,4,4,22,23,36.7922,121.3453,14.0,4.2,n.a
2023,4,12,5,39,38.8161,122.811,10.0,4.0,n.a
2023,4,29,12,7,32.7247,115.5455,18.4,n.a,3.4
2023,4,30,7,9,33.1926,115.6055,10.5,4.5,n.a
2023,4,30,7,58,33.1994,115.6091,9.0,4.2,n.a
2023,5,11,23,19,40.2048,121.1236,12.0,5.3,n.a
2023,5,12,2,54,40.1889,121.1233,10.0,3.5,n.a
2023,5,12,10,18,40.1775,121.074,2.4,5.0,n.a
2023,5,18,15,55,40.2353,121.1306,11.5,3.0,n.a
2023,5,21,3,26,37.277,117.5902,8.7,4.2,n.a
2023,5,26,11,26,40.2236,121.1578,8.2,4.2,n.a
2023,6,3,12,1,38.7895,122.7378,10.0,4.1,n.a
2023,6,18,3,44,39.0557,123.1011,10.4,4.3,n.a
2023,7,16,4,36,38.5241,118.1852,9.0,3.6,n.a
2023,7,19,7,34,39.5045,116.5225,2.2,4.5,n.a
2023,8,2,5,38,33.168,115.5935,12.8,n.a,3.3
2023,8,10,19,17,35.9132,120.4978,17.0,4.2,n.a
2023,8,20,21,41,34.4122,119.1843,11.0,5.1,n.a
2023,8,20,22,18,34.4269,119.1869,12.0,3.9,n.a
2023,8,22,11,39,34.4267,119.1542,12.5,3.9,n.a
2023,8,25,14,14,38.792,122.8327,10.3,4.1,n.a
2023,9,8,17,24,40.9239,121.5911,12.2,5.0,n.a
2023,9,19,0,15,37.4492,121.2632,10.6,4.0,n.a
2023,9,19,4,13,37.4518,121.2559,10.2,4.7,n.a
2023,10,8,21,30,38.8114,122.7899,0.5,3.8,n.a
2023,10,18,16,29,38.1236,121.624,9.1,4.3,n.a
2023,10,28,5,40,38.5583,119.4995,7.2,n.a,4.0
2023,11,3,20,12,34.4268,119.165,14.2,4.3,n.a
2023,12,1,7,43,32.7557,115.8696,12.2,4.6,n.a
