year;month;day;hour;minutes;seconds;lat;lon;depth;mb
1970;9;12;14;30;52.02;34.12310;117.59150;4.0;5.3
1971;2;9;14;0;41.66;34.27400;118.41260;8.4;6.4
1973;2;21;14;45;57.33;34.05260;119.07680;9.0;5.6
1973;8;6;23;29;14.62;33.87540;119.50520;0.2;4.4
1973;11;12;3;39;39.13;39.33460;123.33310;13.3;4.3
1974;11;28;23;1;25.26;36.82760;121.62660;9.8;4.8
1975;8;1;16;27;17.63;39.45280;121.58640;3.6;5.0
1975;8;1;20;20;14.73;39.54140;121.50350;9.8;6.0
1975;8;2;20;22;16.19;39.40690;121.58990;0.3;5.4
1975;8;3;1;3;5.08;39.44280;121.63600;4.4;5.0
1975;8;6;3;50;29.55;39.46160;121.65570;7.4;5.2
1975;8;8;7;0;49.35;39.46560;121.59530;3.0;4.9
1975;9;27;22;34;39.6;39.50950;121.60930;19.6;5.2
1975;11;15;3;35;1.32;39.39860;121.63650;6.8;4.3
1978;8;13;22;54;52.38;34.23220;119.82770;6.4;5.5
1978;10;4;16;42;49.38;37.41930;118.65780;6.5;5.4
1979;3;15;20;17;51.64;34.29700;116.45610;7.7;5.1
1979;5;8;5;11;7.21;37.28650;121.68160;2.5;4.3
1979;8;6;17;5;23.69;37.09970;121.55000;6.4;5.4
1979;10;15;23;16;59.6;32.61750;115.69310;11.6;5.6
1979;10;16;23;16;33.38;33.00610;115.55460;8.6;5.3
1980;1;24;19;0;11.22;37.70180;121.88150;14.3;5.3
1980;1;27;2;33;37.66;37.72780;121.76610;18.2;5.0
1980;5;25;16;33;47.35;37.53610;118.90400;6.0;6.2
1980;5;25;16;49;28.43;37.49590;119.04850;3.3;5.6
1980;5;25;19;44;53.18;37.41480;118.84480;4.9;5.6
1980;5;25;20;35;50.91;37.48750;118.82090;7.6;5.3
1980;5;27;14;50;59.31;37.40590;118.77550;7.4;5.8
1980;6;9;3;28;20.97;32.24890;115.02010;1.4;5.7
1980;9;7;4;36;39.84;38.04410;118.56760;11.9;4.9
1981;1;15;12;47;51.96;37.30350;121.77720;7.5;4.8
1981;4;26;12;9;31.12;33.00210;115.74520;8.2;5.6
1981;9;30;11;53;28.55;37.54320;118.80350;4.1;5.7
1982;10;25;22;26;5.19;36.26420;120.49730;12.6;5.5
1982;10;25;23;12;18.26;36.30020;120.57690;14.5;4.2
1983;1;7;1;38;12.15;37.52320;118.99480;4.1;5.2
1983;1;7;3;24;22.67;37.56090;119.08540;13.0;5.1
1983;5;2;23;42;40.56;36.23580;120.29030;15.3;6.2
1983;5;3;0;57;44.68;36.22870;120.33770;9.9;5.2
1983;5;9;2;49;12.47;36.21370;120.31790;16.8;5.2
1983;6;11;3;9;54.24;36.23240;120.47400;4.3;5.4
1983;7;22;2;39;56.35;36.22580;120.33800;14.5;6.0
1983;7;22;3;43;2.19;36.16690;120.41850;12.7;5.3
1983;7;25;22;31;41.31;36.14610;120.41420;16.3;5.8
1984;1;23;5;40;22.41;36.43740;121.84320;12.4;5.1
1984;4;24;21;15;20.8;37.27420;121.70970;9.1;5.8
1984;11;23;18;8;27.47;37.44890;118.54560;5.6;5.7
1984;11;26;16;21;50.34;37.33600;118.70400;14.3;5.1
1985;8;4;12;1;58.05;36.12270;120.13500;7.3;5.4
1986;1;26;19;20;53.13;36.77700;121.31560;10.8;5.4
1986;3;10;15;33;14.9;34.30390;119.87650;16.6;4.4
1986;3;31;11;55;41.86;37.51150;121.61800;8.0;5.5
1986;7;8;9;20;44.63;34.01350;116.76540;8.5;5.9
1986;7;13;13;47;10.06;32.88440;117.91790;10.8;5.7
1986;7;20;14;29;48.28;37.49780;118.44350;5.1;5.7
1986;7;21;14;42;27.94;37.54600;118.46520;10.5;6.1
1986;7;21;22;7;19.11;37.56860;118.49120;7.9;5.6
1986;7;31;7;22;41.06;37.41830;118.37640;2.2;5.6
1987;2;7;3;45;15.84;32.35690;115.30950;1.9;5.5
1987;2;14;7;26;50.68;36.14590;120.34400;12.8;5.3
1987;10;1;14;42;20.07;33.97800;118.13080;17.7;5.8
1987;10;1;15;12;30.55;33.99880;118.15250;12.4;4.7
1987;11;24;1;54;17.02;33.04070;115.77920;2.3;5.8
1987;11;24;13;15;59.21;33.00170;115.94750;7.5;6.0
1988;2;20;8;39;57.5;36.79740;121.35670;6.8;4.3
1988;6;13;1;45;37.5;37.33770;121.77430;7.6;4.8
1988;6;27;18;43;22.4;37.05020;121.91880;6.8;4.7
1988;7;26;3;26;56.54;36.52060;121.17640;2.3;5.0
1988;11;10;5;8;2.59;37.34130;121.77890;4.5;4.5
1988;12;3;11;38;24.95;34.06210;118.18390;4.3;4.4
1989;1;19;6;53;28.54;33.87880;118.71500;9.1;5.3
1989;10;18;0;4;17.01;36.99740;121.85450;11.0;6.5
1989;10;19;10;14;34.23;36.92320;121.87960;7.2;4.5
1989;10;21;0;49;42.81;37.01150;121.86440;11.2;4.3
1989;10;21;22;14;56.72;37.01260;121.97430;11.9;4.5
1990;1;18;11;45;25.41;41.14270;123.72010;25.1;5.0
1990;4;17;22;32;28.15;34.04110;117.76620;7.5;4.6
1990;4;28;4;41;47.95;37.88010;121.99310;8.6;4.4
1991;6;28;14;43;55.36;34.19270;118.08490;11.6;6.0
1992;4;23;2;25;29.2;33.96780;116.43060;4.1;3.8
1992;4;23;4;50;25.29;33.90930;116.49340;9.7;5.8
1992;5;4;16;19;49.36;33.97090;116.40230;5.7;4.3
1992;5;18;15;44;17.62;33.95170;116.45960;4.5;4.7
1992;6;28;11;57;38.18;34.14450;116.60970;10.1;6.2
1992;6;28;14;43;23.54;34.21630;116.96340;14.1;5.5
1992;6;28;15;5;32.62;34.11700;116.86800;6.4;6.2
1992;6;29;10;14;24.12;36.68820;116.29680;10.2;5.6
1992;6;29;14;8;37.74;34.00040;116.42590;7.0;4.9
1992;6;29;14;13;39.12;33.95490;116.46910;11.3;5.2
1992;6;29;16;1;44.86;33.78160;116.38650;9.9;4.8
1992;7;5;21;18;28.27;34.54130;116.44240;5.6;5.3
1992;7;9;1;43;59.83;34.15170;116.94410;3.2;5.6
1992;7;11;18;14;16.69;35.05600;118.20060;14.0;5.3
1992;7;24;18;14;38.22;33.79820;116.41070;16.5;4.4
1993;1;16;6;29;35.9;37.00550;121.46560;6.1;4.8
1993;5;17;23;20;52.75;36.98800;117.80500;21.3;6.1
1993;5;17;23;51;56.96;37.09350;117.74090;3.1;4.1
1993;5;18;23;48;55.32;37.03780;117.80190;7.3;5.1
1993;5;18;23;57;41.48;37.06080;117.77910;3.2;4.6
1993;5;19;3;20;58.89;37.12330;117.75530;5.8;4.5
1993;5;28;4;47;40.33;35.08290;119.12700;16.3;4.5
1993;8;21;1;46;37.8;33.99910;116.42030;2.7;4.6
1993;10;18;21;49;48.74;32.02760;118.73210;1.4;4.5
1993;11;14;12;25;35.83;35.90090;120.56630;13.0;4.2
1994;1;17;12;30;56.67;34.17690;118.58460;18.3;6.5
1994;1;17;15;54;10.49;34.28030;118.68550;10.2;4.9
1994;1;17;23;33;30.99;34.22140;118.83050;7.4;5.7
1994;1;18;0;43;8.95;34.28930;118.80790;12.6;5.4
1994;1;19;21;9;28.6;34.23060;118.78330;8.5;4.8
1994;1;27;17;19;58.08;34.27450;118.60920;3.2;4.0
1994;3;20;21;20;11.89;34.09750;118.63770;12.2;5.2
1994;4;6;19;1;4.08;34.14850;117.15910;7.3;4.3
1994;4;21;16;37;16.49;36.26390;120.48040;13.1;4.0
1994;8;11;2;22;53.25;32.33290;115.27610;8.5;4.1
1994;9;12;12;23;44.98;38.84210;119.69990;14.2;5.4
1994;12;20;10;27;48.32;35.80350;120.57210;16.6;4.6
1995;4;23;8;41;37.29;36.51930;121.34170;10.4;4.5
1995;5;7;11;3;33.45;33.87920;116.34650;13.2;4.5
1995;5;17;2;29;13.91;39.80210;122.65670;2.1;4.7
1995;8;17;22;40;0.14;35.72890;117.68110;12.1;5.3
1995;9;4;14;16;18.04;38.62880;122.75600;3.9;4.7
1995;9;20;23;27;38.72;35.69910;117.70260;11.8;5.0
1995;11;29;23;12;33.37;36.76350;121.57460;9.0;3.8
1995;12;23;5;39;55.41;38.76660;119.53700;1.0;4.5
1996;1;7;14;32;54.72;35.71100;117.68650;7.3;4.5
1996;1;26;13;6;2.15;35.75910;117.66600;0.0;3.4
1996;1;30;18;34;10.38;34.31790;118.46770;11.0;3.8
1996;4;19;0;52;41.71;36.85150;121.62160;8.2;4.2
1996;5;21;20;50;21.06;37.34310;121.73770;9.3;4.4
1996;10;23;22;9;27.6;34.42430;119.41560;5.1;4.1
1996;11;27;20;17;25.84;35.98500;117.65710;8.5;4.5
1996;12;4;21;21;15.46;38.72930;122.76510;0.6;4.0
1997;1;2;22;36;9.11;39.00070;123.07710;3.5;3.7
1997;1;4;14;58;36.05;35.98620;117.65690;6.4;3.2
1997;4;26;10;37;30.21;34.27510;118.77070;17.4;4.8
1997;4;27;11;9;28;34.29130;118.71410;14.3;4.6
1997;7;26;3;14;55.26;33.35790;116.38880;2.1;4.0
1997;8;21;16;11;25.04;38.51080;118.50120;1.6;4.0
1997;8;21;16;36;48.14;38.48820;118.56500;6.5;4.1
1997;11;15;6;0;19.73;37.22760;117.80310;2.0;4.6
1997;11;22;1;33;19.45;38.87530;123.20910;12.7;3.5
1997;11;22;17;20;37.7;37.64160;118.98710;5.8;4.6
1997;12;9;1;10;13.36;32.36730;115.30160;2.0;3.7
1998;2;17;22;8;39.84;39.90460;120.57440;11.2;3.1
1998;3;6;5;47;41.19;36.01200;117.64530;1.9;4.9
1998;3;11;12;18;50.69;33.90240;117.22450;11.2;4.0
1998;4;24;16;17;26.97;38.39950;118.48410;1.5;3.9
1998;6;9;5;24;42.61;37.49000;118.90010;11.4;4.6
1998;7;2;3;39;51.46;36.85340;117.51730;2.8;4.8
1998;7;15;4;53;21.07;37.54990;118.80310;9.6;4.8
1998;7;21;8;38;51.11;40.56550;122.37090;28.4;4.2
1998;8;2;14;45;46.11;37.55860;118.83940;0.8;3.8
1998;8;12;14;10;25.29;36.72340;121.52620;7.8;4.8
1998;10;15;5;5;46.79;40.80570;123.63950;41.3;4.0
1998;11;26;19;49;55.5;40.57700;122.39210;31.5;4.9
1998;11;26;22;58;6.98;40.55220;122.34160;16.7;4.1
1998;11;28;4;41;15.56;40.54310;122.39210;16.9;4.0
1998;12;25;5;19;52.25;38.69860;122.80270;2.9;3.8
1999;1;13;13;20;55.47;32.72260;115.95040;16.7;3.7
1999;1;18;8;48;36.73;36.65650;121.30000;12.6;3.6
1999;1;24;15;34;59.01;39.56060;123.63450;21.5;3.8
1999;1;25;18;52;7.26;36.80010;115.98410;3.8;3.8
1999;3;23;18;36;40.05;36.61380;121.41500;3.8;3.6
1999;5;15;13;22;13.44;37.47990;118.80930;3.9;5.0
1999;7;11;18;20;47.2;35.70900;118.57500;9.1;4.5
1999;8;1;16;6;23.81;37.36320;117.10330;8.2;5.7
1999;8;1;16;11;22.79;37.46030;117.06320;13.5;4.7
1999;8;1;16;27;18.97;37.35870;117.13860;10.2;4.7
1999;8;18;1;6;18.94;37.88080;122.71510;7.7;5.1
1999;8;24;13;4;9.01;32.03070;114.66420;7.2;4.7
1999;9;10;13;40;3.74;32.27180;115.18300;4.3;4.7
1999;9;22;22;27;13.55;38.33420;122.68850;10.8;3.9
1999;9;29;6;22;4.47;41.33910;123.42160;43.2;3.9
1999;10;16;9;46;46.43;34.57240;116.34710;2.3;6.3
1999;12;12;18;12;36.69;39.64140;118.36870;2.1;4.1
2000;1;10;21;41;26.9;38.67770;122.92820;5.0;3.8
2000;2;21;13;49;42.24;33.93420;117.30890;4.2;3.4
2000;4;9;10;48;9.22;32.61100;115.41310;11.0;3.5
2000;4;25;14;6;27.44;32.12490;115.11000;15.1;4.2
2000;5;2;6;45;47.51;32.16860;115.02870;11.8;4.5
2000;5;2;7;16;12.62;32.19600;115.05270;10.5;4.3
2000;5;17;22;32;8.78;39.37960;123.06490;9.9;3.9
2000;5;24;23;51;20.92;39.38680;122.95040;6.0;3.2
2000;9;3;8;36;30.98;38.35160;122.40210;7.3;4.7
2000;11;19;12;54;51.33;40.47930;119.49490;9.4;4.1
2000;12;8;7;41;11.99;38.70970;122.79990;6.7;3.7
2000;12;20;22;55;52.89;40.96920;121.75350;6.6;3.2
2000;12;20;23;39;14.03;40.99820;121.74160;1.1;4.3
2001;2;2;23;3;12.38;39.70700;122.70690;7.0;3.9
2001;5;15;2;39;50.22;35.73310;121.31310;4.4;3.8
2001;7;19;21;50;30.89;38.72440;122.76730;2.6;4.1
2001;8;10;20;19;28.09;39.82820;120.67270;19.0;4.7
2001;8;11;12;1;31.08;39.77770;120.68270;3.2;3.7
2001;10;31;7;56;16.3;33.50630;116.56560;9.1;5.1
2001;12;7;14;29;8.31;38.99560;123.21980;7.3;4.0
2001;12;8;23;36;12.64;32.04220;114.99920;11.9;5.4
2001;12;9;1;42;28.05;32.11090;115.00860;10.5;4.8
2001;12;14;9;41;5.4;39.02940;123.23070;5.7;3.7
2001;12;28;21;14;1.35;36.53270;121.34360;2.8;4.3
2002;1;29;6;7;59.35;34.24940;118.73420;1.2;3.5
2002;2;22;20;33;50.12;32.32000;115.31610;12.4;3.5
2002;9;3;7;8;49.27;33.74930;117.96880;2.3;4.3
2002;11;12;16;48;24.03;35.88450;120.62960;8.0;4.3
2002;12;10;21;3;59.41;32.19550;115.75420;0.7;4.5
2003;1;7;22;29;27.28;36.76480;121.46670;8.7;4.0
2003;2;2;18;22;59.08;37.70460;121.96290;13.4;3.8
2003;4;22;10;46;10.63;40.57520;123.95480;27.9;3.9
2003;11;23;12;20;0.1;40.63590;115.08620;2.3;4.1
2003;12;22;19;15;57.84;35.64970;121.14550;12.2;6.1
2004;3;9;19;54;47.1;32.39670;115.23330;10.3;3.9
2004;6;3;8;54;45.77;39.32440;119.99030;10.3;4.1
2004;6;15;22;28;49.28;32.30640;117.84220;6.9;5.0
2004;8;22;1;25;11.77;32.38000;115.21150;3.4;4.0
2004;9;28;17;15;25.15;35.76250;120.32750;7.9;5.3
2004;9;29;17;10;5.79;35.94440;120.51900;16.0;5.0
2004;12;12;9;13;33.37;40.68650;123.72020;29.6;4.0
2005;5;21;0;39;31.3;33.25080;116.13790;13.6;5.6
2005;6;12;15;41;46.43;33.49500;116.59820;10.0;5.0
2005;8;31;22;47;45.43;33.16230;115.64370;1.7;4.3
2005;9;2;1;27;19.66;33.15260;115.65080;10.7;4.9
2005;10;18;7;31;0.44;33.98190;116.72750;0.2;4.0
2006;3;3;12;49;51.03;38.96240;123.10190;8.4;3.3
2006;4;1;12;26;1.73;36.49360;121.15730;12.3;4.2
2006;4;7;1;6;54.31;35.64240;121.22150;8.0;4.1
2006;5;5;6;36;17.9;38.24970;118.74830;3.5;5.0
2006;5;24;4;20;28.01;32.41790;115.26720;7.0;5.1
2006;6;15;12;24;51.5;37.07620;121.51040;6.1;4.2
2006;8;3;3;8;13.42;38.35380;122.57030;14.6;4.5
2006;11;3;15;56;42.81;32.69600;116.04500;15.3;4.8
2006;12;15;19;21;56.71;36.16350;120.26920;18.1;3.6
2006;12;16;6;14;5.67;36.19700;120.23340;13.8;3.8
2007;3;2;4;40;0.72;37.88430;122.10810;12.4;4.0
2007;4;18;8;42;23.58;39.44830;123.12330;12.5;4.6
2007;5;22;11;34;11.98;35.84480;120.43110;15.8;5.1
2007;6;12;7;23;45.34;37.50860;118.90050;7.7;4.5
2007;7;2;19;58;52.1;36.83100;121.65830;8.7;4.0
2007;8;9;7;58;48.75;34.25290;118.65240;3.2;4.5
2007;9;2;17;29;15.19;33.58830;117.60110;16.4;4.7
2007;10;16;8;53;43.86;34.36230;117.63090;10.0;4.3
2007;10;24;12;22;48.66;35.83020;117.67500;11.2;4.0
2007;10;31;3;4;55.8;37.41950;121.84150;14.0;5.2
2008;2;9;7;12;7.8;32.44290;115.32270;11.7;5.1
2008;2;11;18;29;34.49;32.44250;115.30610;11.5;4.9
2008;2;12;4;32;39.87;32.47130;115.31130;10.6;4.7
2008;2;12;9;27;19.19;32.45620;115.33850;15.4;4.0
2008;2;19;22;41;30.86;32.48840;115.32980;10.6;4.7
2008;2;21;14;16;4.61;41.14180;114.86160;8.9;5.6
2008;2;21;14;34;55.45;40.93280;114.58100;11.6;4.5
2008;2;21;15;34;24.81;41.10150;114.93860;4.0;3.7
2008;2;21;23;57;52.04;41.12530;114.90710;11.3;4.6
2008;2;22;1;50;4.75;41.10710;114.90460;1.6;4.0
2008;2;22;19;31;19.03;32.45670;115.32400;8.3;4.6
2008;2;22;23;27;46.25;41.11710;114.90340;9.6;4.5
2008;3;29;22;1;42.46;32.42030;115.23600;17.8;3.4
2008;4;1;13;16;17.78;41.21080;114.82320;10.9;4.2
2008;4;26;6;40;10.66;39.49030;119.95750;2.1;4.7
2008;4;30;3;3;6.67;40.82790;123.47220;33.6;5.4
2008;5;1;8;11;42.68;35.45950;118.39880;4.3;4.5
2008;6;8;17;55;18.38;39.48080;120.01570;2.5;4.0
2008;6;13;18;31;4.16;40.45380;119.82280;4.6;4.0
2008;7;29;18;42;15.69;33.90100;117.82280;15.7;5.4
2008;9;6;4;0;15.2;37.75690;122.01220;14.1;4.9
2008;10;2;9;41;48.92;34.08360;116.96800;15.2;3.8
2008;11;20;19;23;3.23;32.42320;115.36670;16.5;4.7
2008;12;21;17;35;36.41;36.62630;121.38600;17.4;3.9
2008;12;26;12;19;41.24;39.91910;120.94070;11.9;4.2
2009;1;9;3;49;46.4;34.07660;117.32130;14.5;4.3
2009;2;16;1;3;37.2;35.29090;119.40580;1.2;3.6
2009;3;24;11;55;43.3;33.29430;115.73260;8.4;4.3
2009;5;2;1;11;12.78;34.01350;118.90320;17.5;3.9
2009;5;8;20;27;13;34.43050;119.14700;4.6;4.1
2009;5;18;3;39;36.14;33.93330;118.34920;11.3;4.7
2009;6;20;12;32;47.86;35.68130;120.88600;2.4;4.3
2009;9;6;3;20;55.29;35.52400;120.67870;1.1;4.0
2009;9;19;22;55;19.28;32.38890;115.26600;15.5;4.8
2009;9;20;0;36;18.22;32.39960;115.28490;14.4;4.0
2009;10;1;10;1;25.47;36.36050;117.90260;10.6;4.6
2009;10;3;1;16;0.6;36.41940;117.80270;6.0;4.6
2009;10;3;11;37;13.57;36.36390;117.96940;15.6;3.8
2009;11;15;22;45;28.37;33.20690;119.22440;14.2;4.4
2009;12;22;23;40;43.86;39.79410;123.35670;14.1;3.3
2009;12;30;18;48;59.05;32.50690;115.24330;8.2;5.5
2010;1;4;14;24;51.73;40.26390;123.86580;11.7;3.9
2010;1;12;2;36;7.85;33.95930;116.89260;15.7;3.8
2010;1;15;8;23;27.84;36.00390;117.82320;9.6;4.2
2010;1;16;12;3;24.25;33.89060;117.07120;5.4;3.5
2010;2;14;21;35;47.5;32.24120;116.53590;4.9;3.6
2010;3;1;9;6;2.87;36.04190;117.84900;4.6;3.4
2010;3;16;11;3;59.85;33.99390;118.06760;15.0;4.1
2010;4;4;22;50;16.5;32.07140;115.16220;0.9;5.2
2010;4;4;23;4;44.45;32.16270;115.18320;5.9;4.2
2010;4;4;23;15;13.62;32.19900;115.22150;2.0;5.2
2010;4;4;23;25;6.68;32.21330;115.22900;4.7;5.3
2010;4;4;23;33;12.28;32.34660;115.34470;5.9;4.5
2010;4;4;23;37;32.59;32.47750;115.54950;4.4;4.5
2010;4;5;1;6;40.62;32.31150;115.43150;3.6;4.0
2010;4;5;2;47;26.27;32.30280;115.33040;0.5;3.6
2010;4;5;2;54;34.11;32.48390;115.61470;1.7;4.3
2010;4;5;4;55;22.23;32.06330;115.07460;0.9;4.0
2010;4;5;6;17;0.2;32.63940;115.77770;3.6;3.3
2010;4;5;13;33;5.53;32.67350;115.78620;3.4;4.5
2010;4;6;0;56;40.33;32.13850;115.17930;1.0;3.8
2010;4;6;1;22;58.17;32.06860;115.05230;9.4;3.6
2010;4;6;1;58;14.78;32.28710;115.35480;8.8;3.9
2010;4;6;4;12;20.71;32.60300;115.70690;4.9;3.9
2010;4;6;10;6;37.8;32.66470;115.78920;8.1;3.9
2010;4;6;17;31;16.49;32.09000;115.04980;7.9;3.5
2010;4;6;22;9;9.58;32.60800;115.71910;13.5;4.0
2010;4;7;4;23;46.84;32.05760;115.13680;6.0;3.6
2010;4;7;11;4;13;32.29470;115.42170;1.7;3.6
2010;4;8;2;47;56.96;32.68020;115.76700;8.8;4.0
2010;4;8;16;44;26.94;32.23070;115.28880;9.2;5.2
2010;4;9;23;5;42.21;32.21370;115.24670;10.7;4.2
2010;4;10;9;12;27.38;32.65560;115.73830;3.2;4.3
2010;4;11;16;42;2.64;32.26330;115.32490;1.9;4.3
2010;4;14;22;34;53.18;32.15400;115.19930;9.9;3.9
2010;4;15;9;20;36.53;32.06460;115.06130;0.1;4.0
2010;4;17;16;9;53.27;32.27300;115.35430;2.2;3.7
2010;4;22;14;22;2.72;32.66350;115.79160;7.6;3.7
2010;4;22;17;12;12.67;32.67290;115.78860;9.9;4.0
2010;4;25;18;4;0.28;32.28260;115.35650;7.3;3.2
2010;4;27;10;55;35.68;32.69470;115.83310;11.5;4.2
2010;5;4;11;26;31.94;32.24820;115.29680;9.6;4.7
2010;5;8;19;23;5.3;35.00520;119.25700;8.7;3.8
2010;5;15;8;38;53.86;32.17600;115.27210;4.5;3.5
2010;5;19;0;39;0.13;32.67430;115.84980;7.6;4.4
2010;5;22;17;30;58.15;32.60870;115.76190;11.4;4.4
2010;6;11;20;51;12.4;32.40980;115.21480;12.4;4.3
2010;6;13;3;8;56.99;33.38180;116.40640;15.6;4.2
2010;6;15;4;26;58.36;32.69510;115.93680;5.4;5.5
2010;7;7;23;53;35.23;33.40240;116.49980;10.2;5.2
2010;8;24;5;42;15.82;33.51050;118.98130;5.3;3.8
2010;9;14;10;52;19.39;32.13400;115.21370;12.1;4.6
2010;9;15;6;9;53.52;32.19480;115.25410;16.0;4.4
2010;9;30;8;37;36.6;37.15610;117.35030;4.0;4.1
2010;11;4;19;39;59.74;32.86390;115.98990;14.8;5.3
2010;12;11;12;52;26.9;32.18490;115.31320;7.9;4.5
2011;1;22;19;21;3.89;38.52840;118.39820;0.1;3.1
2011;2;18;17;47;36.31;32.05380;115.09670;6.8;4.9
2011;2;20;19;34;41.04;32.13680;115.25400;9.4;4.4
2011;3;31;20;22;55.85;32.38470;115.23290;7.5;4.1
2011;4;5;11;56;48.98;35.97960;121.70620;6.4;4.0
2011;4;13;22;10;8.77;38.32710;118.73990;0.3;4.3
2011;4;15;13;33;55.04;38.38730;118.72670;3.2;3.5
2011;4;17;0;45;36.9;38.41100;118.73290;0.9;4.4
2011;5;3;21;41;49.64;36.38390;117.87870;5.8;3.9
2011;6;9;15;22;11.99;32.67110;115.74860;9.2;4.0
2011;8;24;11;59;51.67;37.52610;118.89830;6.7;5.0
2011;8;27;7;18;22.52;36.55170;121.23620;12.1;4.2
2011;10;1;7;7;3.97;38.79620;118.99520;25.0;5.1
2011;10;15;11;42;30.02;37.89810;118.55690;6.1;3.5
2011;10;27;6;37;10;39.58160;120.47180;16.5;4.6
2012;1;3;14;18;55.99;33.20910;119.41590;15.0;3.8
2012;1;18;13;31;41.65;32.35940;115.27670;3.7;3.5
2012;2;13;4;47;14.52;38.80580;122.73530;7.0;3.9
2012;2;13;21;7;3.1;41.09770;123.71010;32.8;5.3
2012;2;14;10;9;28.16;32.13060;115.18310;12.4;4.8
2012;2;29;1;27;29.13;32.20510;115.27430;8.0;3.8
2012;2;29;5;0;30.25;41.13330;123.83080;10.0;3.8
2012;3;5;13;33;20.92;37.91630;122.29690;13.0;3.6
2012;4;23;17;37;0.57;33.50950;117.73360;1.6;3.3
2012;4;28;15;7;27.05;34.14280;117.45120;11.1;4.0
2012;4;28;21;25;7.42;32.18610;115.31860;1.4;3.7
2012;5;5;9;23;23.68;38.81050;122.77470;0.1;4.2
2012;5;30;5;14;0.29;33.66310;119.04080;10.0;3.5
2012;6;23;3;51;56.96;39.28820;120.02320;1.6;4.5
2012;7;1;3;25;19.45;32.21720;115.34480;3.0;4.6
2012;7;1;6;36;6.22;32.19720;115.31020;6.2;4.6
2012;7;8;12;5;49.83;39.51400;123.67370;10.3;4.2
2012;8;6;7;35;49.33;35.92090;120.48760;12.1;4.5
2012;8;8;6;23;32.1;33.81530;117.83290;1.3;3.7
2012;8;8;16;33;20.66;33.85090;117.78310;5.9;4.2
2012;8;26;19;20;4.85;33.02730;115.56660;13.2;4.3
2012;8;26;19;31;22.37;33.04660;115.53520;2.3;4.7
2012;8;26;20;57;57.85;33.03370;115.55410;2.4;4.7
2012;8;26;21;15;29.49;33.05140;115.54570;10.0;3.8
2012;8;26;23;33;25.72;32.99580;115.57580;13.6;4.6
2012;8;27;4;41;36.91;33.05750;115.58770;10.1;4.5
2012;9;7;13;23;48.37;36.11820;120.06090;9.4;4.1
2012;9;25;15;15;10.1;39.11380;123.23640;10.0;4.2
2012;10;2;8;28;14.97;32.81190;116.14960;9.8;4.2
2012;10;21;6;55;10.75;36.30300;120.89380;10.8;5.2
2012;10;29;4;25;16.97;36.57840;121.19280;10.0;3.8
2013;1;24;23;25;51.31;38.63090;119.61430;10.0;3.4
2013;2;13;0;10;15.62;38.01990;117.98780;10.0;4.8
2013;2;28;15;29;25.08;38.06550;118.02590;3.7;3.4
2013;3;1;21;55;27.11;35.82260;116.78910;10.0;3.3
2013;3;11;16;56;5.86;33.48260;116.45240;10.2;4.8
2013;3;14;9;9;24.83;38.77010;122.84440;10.0;4.1
2013;3;29;1;22;38.95;35.68780;121.08210;10.0;3.8
2013;5;15;20;0;6.47;33.65270;118.36630;7.3;3.8
2013;5;24;3;47;8.29;40.12530;121.15290;7.4;5.5
2013;5;24;8;2;19.22;40.17020;121.14890;2.5;4.7
2013;5;24;9;52;19.41;40.18240;121.06420;10.0;3.6
2013;5;29;14;38;3.89;34.40810;119.79720;19.7;4.9
2013;8;4;5;30;55.47;36.13510;118.05700;10.0;3.9
2013;8;12;7;32;34.49;35.96240;117.74300;3.6;4.0
2013;8;24;1;16;31.41;34.52490;120.86530;14.3;4.2
2013;8;25;18;50;28.21;35.48300;118.20790;0.6;3.7
2013;8;27;0;51;44.61;39.63930;119.69600;3.7;4.0
2013;12;13;7;49;55.35;35.75310;119.83600;4.6;4.1
2013;12;23;13;39;26.35;36.11610;118.06340;5.2;4.5
2014;1;12;20;24;46.63;38.79690;122.80280;0.1;4.1
2014;1;15;9;35;19.48;34.14330;117.44720;10.7;4.3
2014;2;6;19;42;20.06;35.49320;121.32610;0.2;4.3
2014;2;27;18;52;29.34;35.83450;121.52260;5.0;4.2
2014;3;13;2;11;4.9;36.10220;118.01620;10.0;4.4
2014;3;17;13;25;37.37;34.12380;118.47510;15.2;4.6
2014;3;29;4;9;43.97;33.88450;117.92280;13.5;5.1
2014;3;29;21;32;46.68;33.94210;117.89030;16.4;4.4
2014;7;5;16;59;33.72;34.28610;117.03260;14.8;4.4
2014;8;21;4;33;49.94;36.67350;121.02450;10.0;4.2
2014;8;24;10;20;46.33;38.17340;122.29850;8.3;5.7
2014;9;28;20;45;13.28;36.63520;120.76340;6.5;4.5
2014;11;5;7;23;5.25;41.85450;119.64580;6.9;4.6
2014;11;6;1;17;9.35;41.64840;119.67430;3.5;3.8
2014;11;6;8;34;47.82;41.83720;119.71650;10.0;4.4
2014;11;7;8;5;54.83;41.82190;119.64320;2.2;4.5
2014;11;10;8;42;43.12;32.86610;118.62280;12.6;3.7
2014;11;12;14;42;56.69;41.88760;119.71860;10.0;4.0
2014;11;13;6;36;7.99;41.91770;119.67450;6.1;4.8
2014;11;20;6;26;49.1;36.77740;121.60000;5.8;4.0
2015;1;4;3;18;9.62;34.60800;118.62460;8.6;4.2
2015;1;4;9;56;43.85;41.83680;119.60960;10.0;3.9
2015;1;20;13;21;36.45;36.34280;120.98520;7.6;4.7
2015;1;22;9;9;17.81;41.93720;119.68170;6.4;4.6
2015;1;29;11;3;20.33;41.88260;119.64770;5.3;4.4
2015;2;14;2;28;56.27;37.14080;117.21720;8.9;4.7
2015;2;26;19;17;49.91;41.93560;119.55250;10.0;4.2
2015;2;28;10;41;36.45;38.90500;115.42620;10.0;3.5
2015;3;27;13;30;14.95;36.20500;120.42460;11.9;4.1
2015;4;8;19;23;14.5;32.39520;115.20720;12.7;4.1
2015;4;8;19;30;26.9;32.39040;115.26810;11.7;3.4
2015;5;19;18;36;4.25;36.65740;120.89770;13.0;3.4
2015;5;22;2;53;0.23;38.44790;122.20240;8.2;3.6
2015;5;22;18;47;43.2;37.33350;114.65050;6.0;4.8
2015;7;16;1;52;10.74;41.87750;119.61680;2.6;4.3
2015;7;16;1;57;26.18;41.90680;119.64540;2.5;3.9
2015;7;21;9;41;14.37;37.53580;121.99930;11.1;3.9
2015;7;27;1;5;33.24;41.81510;119.63020;1.8;4.4
2015;8;17;13;49;17.46;37.82270;122.27560;10.8;4.5
2015;8;23;17;41;19.4;38.74630;122.70560;10.0;3.1
2015;9;14;13;55;47.99;41.85710;119.58810;7.6;4.6
2015;9;27;2;44;0.52;41.86690;119.57980;0.4;4.3
2015;10;29;16;47;39.81;41.89290;119.58520;1.5;4.0
2015;11;19;1;40;3.45;41.89020;119.58330;10.0;3.7
2015;12;6;11;13;28.06;41.88730;119.61660;1.1;4.0
2015;12;23;6;46;8.68;39.42940;119.76320;10.0;3.9
2015;12;24;20;30;38.67;41.88720;119.60110;10.0;4.6
2015;12;27;18;31;17.79;35.20420;117.29210;6.6;4.3
2015;12;28;15;10;30.12;41.39750;118.97630;10.0;3.6
2015;12;30;1;48;57.34;34.17470;117.42120;9.5;4.2
2016;1;3;15;35;24.67;41.91910;119.63930;7.2;3.8
2016;1;6;14;42;34.44;33.95050;116.89770;14.9;4.3
2016;1;24;15;32;15.59;34.66670;116.19280;2.8;4.2
2016;2;16;23;4;26.8;37.22310;118.38380;1.2;4.2
2016;2;16;23;27;31.31;37.20380;118.38580;9.1;3.6
2016;2;20;6;13;19.74;34.60340;116.61310;6.7;4.3
2016;2;23;3;19;52.82;34.67390;116.23780;3.7;3.9
2016;2;24;0;2;22.99;35.50340;119.37670;14.3;4.7
2016;3;12;8;42;37.55;34.49120;119.07410;0.9;4.2
2016;3;21;7;37;10.64;38.47590;118.36170;8.3;3.9
2016;3;22;10;0;46.32;38.68450;118.76230;10.0;3.4
2016;5;14;14;20;30.81;40.63740;119.46570;9.0;2.9
2016;6;10;8;4;38.15;33.42270;116.44970;3.0;5.1
2016;7;7;23;14;41.16;38.65470;118.79680;10.0;3.5
2016;7;7;23;40;45.99;38.60370;118.79650;6.8;3.9
2016;7;19;21;38;38.69;36.65370;121.39200;10.3;4.1
2016;7;21;23;9;4.83;40.69580;123.88620;23.7;4.7
2016;8;4;4;55;34.11;40.21330;120.22780;2.4;4.5
2016;8;10;2;57;19.54;39.29460;122.77000;16.8;5.0
2016;8;28;21;20;52.04;40.41910;123.41300;35.7;4.2
2016;11;6;13;0;46.48;39.63870;123.62980;9.9;4.3
2016;12;14;11;58;40.46;35.55270;120.80740;14.4;3.9
2016;12;14;16;41;7.24;38.81170;122.82070;10.0;4.7
2016;12;28;8;18;1.96;38.35620;118.91540;5.5;5.1
2016;12;28;8;22;14.17;38.36800;118.86130;7.5;5.3
2016;12;28;9;13;48.05;38.38740;118.92400;5.0;5.2
2017;2;21;0;57;53.04;38.76980;122.75000;7.2;3.7
2017;4;30;10;12;16.61;38.77190;122.78240;0.7;3.7
2017;5;17;4;42;24.93;34.40400;119.99110;13.3;3.9
2017;7;9;9;12;6.46;37.53970;118.95170;10.0;3.1
2017;8;22;19;51;59.22;35.89890;116.92210;10.2;4.1
2017;10;10;0;53;18;37.30770;121.66900;14.9;4.2
2017;10;26;20;38;52.61;34.42830;120.57100;14.0;4.5
2017;11;13;19;31;29.17;36.62020;121.27190;10.4;4.6
2018;1;4;10;39;37.85;37.84630;122.27550;13.9;4.4
2018;1;18;5;55;12.05;38.77690;122.72100;3.3;4.0
2018;1;25;10;9;56.63;33.72080;117.50360;12.6;4.1
2018;3;7;18;5;0.01;35.48130;120.01960;12.9;3.6
2018;4;5;19;29;17.24;33.84030;119.71620;10.4;5.1
2018;4;16;16;36;49.22;35.04260;119.04520;11.3;3.7
2018;5;8;11;49;34.2;34.01320;116.77840;15.9;4.5
2018;5;10;2;58;31.51;38.79460;122.76810;10.0;3.5
2018;7;5;15;17;37.26;35.88710;115.76140;11.0;4.2
2018;8;15;1;24;27.27;33.46410;116.82140;9.0;4.3
2018;8;29;2;33;28.82;34.11950;117.77100;9.5;4.4
2018;9;29;2;17;46.7;32.38820;115.22650;17.8;4.2
2018;11;19;20;18;42.55;32.17850;115.28910;16.3;4.5
2018;11;27;13;7;12.87;36.02580;120.18570;12.7;4.1
2018;12;5;21;40;16.47;35.71990;117.07820;3.9;4.0
2019;2;6;18;23;1.13;40.85360;123.77430;27.3;4.3
2019;2;7;16;41;24.77;34.69000;116.26820;10.7;3.2
2019;4;15;11;54;3.2;38.79170;122.77870;3.8;3.2
2019;4;28;17;3;17.52;39.80170;117.52860;10.0;3.9
2019;4;28;21;56;50.06;39.77580;117.47590;10.0;3.9
2019;4;29;7;16;8.4;39.33820;123.21410;11.5;4.2
2019;6;5;10;47;17.53;32.83600;118.42650;2.4;4.3
2019;6;5;14;32;7.75;32.79830;118.47040;2.1;4.1
2019;6;11;7;24;20.73;37.49580;116.68120;3.8;3.7
2019;6;30;23;43;38.13;37.78730;114.33610;10.0;3.9
2019;7;4;17;2;55.22;35.69370;117.50810;15.7;3.4
2019;7;4;17;33;50.99;35.66950;117.52760;12.2;5.6
2019;7;4;18;27;59.51;35.75180;117.53300;6.4;4.1
2019;7;4;18;39;44.63;35.58400;117.57680;1.2;4.5
2019;7;4;18;47;6.84;35.66750;117.49640;12.9;4.3
2019;7;4;18;54;14.86;35.58050;117.61580;13.8;3.5
2019;7;4;18;56;7.14;35.70700;117.56050;7.7;4.4
2019;7;4;19;21;32.37;35.66140;117.47350;7.0;4.4
2019;7;4;19;56;0.57;35.64010;117.50960;1.4;3.5
2019;7;4;20;14;50.8;35.66850;117.51430;12.6;3.1
2019;7;4;22;12;9.01;35.71080;117.53370;10.0;4.2
2019;7;4;23;34;2.85;35.59220;117.62440;12.6;4.0
2019;7;5;0;18;1.81;35.76880;117.60790;5.7;3.5
2019;7;5;0;32;6.73;35.68520;117.45360;3.1;3.2
2019;7;5;2;1;59.34;35.62250;117.55200;12.1;3.3
2019;7;5;11;7;54.73;35.72220;117.57440;12.3;5.2
2019;7;5;12;38;30.21;35.75900;117.57240;9.5;4.0
2019;7;5;14;39;34.31;35.71530;117.56600;10.0;3.9
2019;7;5;17;2;36.41;35.61880;117.57860;12.6;4.0
2019;7;6;3;16;32.47;35.71080;117.54830;2.8;4.6
2019;7;6;3;19;55.43;35.72320;117.62030;9.3;5.9
2019;7;6;3;44;18.52;35.88900;117.70400;8.4;4.2
2019;7;6;3;46;27.01;35.67240;117.47020;1.7;4.1
2019;7;6;3;47;54.13;35.89040;117.73670;8.6;4.9
2019;7;6;3;51;0.36;35.84210;117.67220;11.7;4.6
2019;7;6;3;57;52.68;35.85740;117.67800;10.0;4.0
2019;7;6;4;7;4.23;35.54720;117.51760;1.4;4.2
2019;7;6;4;13;8.09;35.58540;117.65370;14.3;4.7
2019;7;6;4;18;56.87;35.88670;117.69050;10.4;5.0
2019;7;6;4;36;57.39;35.85300;117.71270;10.0;4.7
2019;7;6;4;40;16.14;35.63150;117.42820;3.6;4.2
2019;7;6;4;52;18.11;35.87050;117.67910;6.5;4.2
2019;7;6;5;25;5.23;35.82400;117.66970;5.3;4.1
2019;7;6;5;58;17.56;35.93460;117.68840;0.5;4.4
2019;7;6;6;1;52.03;35.90070;117.72440;9.0;4.2
2019;7;6;6;12;52.23;35.56440;117.36690;7.9;4.0
2019;7;6;7;54;45.51;35.69510;117.52000;2.1;4.0
2019;7;6;8;32;58.1;35.60130;117.48870;8.1;4.7
2019;7;6;8;59;57.75;35.52740;117.38150;6.7;3.9
2019;7;6;9;28;29.95;35.87860;117.71530;10.0;4.4
2019;7;6;9;30;42.76;35.90310;117.73290;10.0;4.1
2019;7;6;10;48;24.54;35.57110;117.36880;8.8;4.0
2019;7;6;11;6;43.63;35.79090;117.61330;5.9;4.2
2019;7;6;11;15;21.39;35.63120;117.46520;7.4;4.0
2019;7;6;11;53;9.18;35.87510;117.71840;10.0;4.0
2019;7;6;13;6;56.78;35.91400;117.70240;10.0;4.3
2019;7;6;13;43;18.88;35.58130;117.44060;9.8;3.6
2019;7;6;17;41;33.15;35.86830;117.70440;13.4;3.9
2019;7;6;23;50;42.37;35.81890;117.64910;8.7;4.3
2019;7;7;5;38;15.28;35.72050;117.56840;11.0;4.4
2019;7;7;23;36;57.05;35.82490;117.62260;12.1;3.9
2019;7;8;16;4;28.53;35.67030;117.48290;10.8;4.3
2019;7;10;0;48;17.89;36.05300;117.84910;5.2;4.0
2019;7;10;1;43;3.01;35.89760;117.68170;4.5;3.8
2019;7;10;7;5;27.64;36.04480;117.83720;10.0;3.2
2019;7;10;12;28;57.22;36.04400;117.85440;4.3;4.1
2019;7;10;18;49;1.42;36.16880;117.88200;7.9;4.2
2019;7;10;20;9;51.84;35.65800;117.50570;8.9;4.2
2019;7;11;0;14;37.74;36.15900;117.87340;1.8;4.0
2019;7;11;0;15;40.32;36.14600;117.88320;10.0;4.1
2019;7;11;4;10;1.46;36.05790;117.83920;4.3;4.2
2019;7;11;7;4;6.38;36.17600;117.88100;2.7;3.5
2019;7;12;13;11;37.87;35.62280;117.56620;11.3;4.5
2019;7;15;8;38;45.1;36.05080;117.84480;6.7;4.3
2019;7;16;20;11;1.29;37.83620;121.72400;17.9;4.0
2019;7;16;20;15;36.79;35.77840;117.60080;8.6;4.3
2019;7;17;2;29;7.66;36.11700;117.87720;8.7;4.2
2019;7;18;3;59;15.25;36.11470;117.87870;4.7;4.3
2019;7;22;16;26;55.84;33.98430;116.05310;12.5;4.2
2019;7;26;0;42;48.29;35.92810;117.68240;3.6;4.6
2019;7;27;10;30;55.29;35.62280;117.47010;10.0;4.2
2019;8;15;11;50;25.24;36.08660;117.85910;2.9;3.8
2019;8;22;20;49;50.43;35.89640;117.69960;7.1;4.7
2019;8;23;5;34;10.32;35.88410;117.69150;12.2;4.1
2019;9;10;4;25;57.22;39.53550;116.54480;10.0;4.2
2019;10;15;5;33;43.67;37.94990;122.07430;14.0;4.5
2019;10;15;19;42;30.64;36.62120;121.31120;9.4;4.8
2019;12;17;18;29;20.71;35.77430;120.37030;11.0;4.2
2019;12;21;8;24;32.55;35.60910;117.43380;8.2;3.6
2020;1;2;10;12;59.26;33.91530;119.19650;7.8;4.2
2020;1;25;3;3;35.09;35.09170;116.96730;9.7;4.7
2020;2;1;18;36;54.36;37.58890;118.80650;11.3;4.2
2020;3;13;22;37;29.77;37.54050;117.74340;6.2;3.8
2020;3;21;1;33;35.78;39.12750;119.71010;6.7;4.6
2020;3;23;5;53;57.71;35.94100;117.35820;9.8;3.8
2020;3;25;11;57;37.45;38.78230;122.76080;13.0;3.6
2020;4;4;1;53;20.49;33.48180;116.51360;10.5;4.6
2020;4;5;19;20;46.52;37.51050;118.82860;6.2;3.6
2020;4;11;14;36;38.42;38.05410;118.77500;8.0;4.8
2020;4;11;16;22;51.38;38.03640;118.75040;6.0;4.0
2020;4;27;3;46;0.02;35.67570;117.48690;16.1;4.2
2020;5;10;22;7;39.9;33.01140;116.02150;12.5;4.4
2020;5;15;11;3;29.68;38.11420;117.86130;11.4;5.9
2020;5;15;11;18;12.77;38.14840;117.94290;8.4;4.2
2020;5;15;11;26;2.13;38.17110;117.89700;1.5;4.8
2020;5;15;11;30;16.61;38.14130;117.98680;7.1;4.1
2020;5;15;11;52;6.84;38.14610;117.96610;7.2;4.2
2020;5;15;12;0;41.09;38.15810;117.78170;11.7;3.9
2020;5;15;17;50;16.85;38.18800;117.82720;6.6;4.2
2020;5;15;22;15;49.67;38.14820;117.99050;3.6;4.3
2020;5;16;4;12;21.07;38.14100;117.95820;4.0;4.2
2020;5;16;11;50;53.21;38.20600;117.69420;7.0;4.4
2020;5;16;23;27;14.13;38.13240;118.02990;7.3;4.2
2020;5;17;11;53;53.16;38.13990;117.95730;7.6;3.9
2020;5;17;21;47;44.4;38.14000;118.03700;6.5;4.2
2020;5;18;2;19;8.78;38.15540;118.09370;9.0;3.8
2020;5;19;9;8;33.61;38.18310;117.79830;16.1;4.2
2020;5;19;22;12;45.91;38.15790;117.85720;9.5;4.4
2020;5;20;3;13;49.15;38.14030;118.05760;8.5;3.9
2020;5;20;3;49;57.9;38.12650;118.04730;0.7;3.6
2020;5;20;9;46;16.54;38.12750;118.05150;6.2;4.0
2020;5;20;12;36;53.38;38.18680;117.75280;5.7;4.7
2020;5;20;12;38;37.7;38.22610;117.78060;7.0;4.0
2020;5;22;0;22;0.97;38.22790;117.79360;7.3;4.4
2020;5;22;13;1;6.5;38.12430;118.05930;6.2;4.3
2020;5;24;12;55;9.47;35.85900;117.71040;11.4;3.5
2020;5;28;8;29;46.02;38.17910;118.05800;9.5;4.0
2020;5;31;1;7;17.35;38.03300;118.79810;10.0;4.3
2020;6;3;4;36;22.98;35.22470;117.17330;9.8;4.2
2020;6;4;1;32;11.27;35.59110;117.39310;8.5;5.1
2020;6;4;2;27;54.56;36.15210;117.95850;10.6;4.3
2020;6;8;3;24;6.53;38.20540;117.78590;8.0;4.7
2020;6;8;4;15;6.06;35.62720;117.41860;13.8;4.2
2020;6;19;10;26;43.55;38.19020;117.76480;13.0;4.2
2020;6;23;0;25;45.28;36.44740;117.97090;5.0;4.5
2020;6;24;17;40;50.59;36.44950;117.97720;10.6;5.5
2020;6;24;17;59;19.54;36.43150;117.89870;14.6;4.2
2020;6;30;9;24;23.15;38.16260;117.92950;6.9;4.2
2020;7;6;6;12;55.22;38.18490;117.86740;6.0;3.9
2020;7;26;2;6;28.52;38.20240;117.71090;10.0;4.1
2020;7;30;3;23;2.16;36.17150;120.80170;11.7;3.8
2020;7;30;11;29;28.35;34.30440;118.42630;15.8;4.2
2020;8;10;15;56;15.08;33.24500;115.69550;10.2;4.3
2020;8;19;0;55;23.14;39.35170;123.22900;12.5;4.3
2020;8;19;1;59;33.58;39.37150;123.26310;16.6;4.1
2020;8;19;17;32;11.55;36.46460;117.50330;1.5;4.7
2020;9;19;6;38;46.74;34.03860;118.07470;17.3;4.6
2020;10;1;0;31;27.88;33.03680;115.63520;10.5;4.6
2020;10;20;1;58;50.84;39.32980;123.33550;10.9;3.6
2020;11;13;9;13;52.4;38.17120;117.84540;9.4;5.0
2020;12;1;23;32;57.52;38.17440;118.04660;9.4;4.9
2020;12;1;23;43;8.79;38.15070;118.07120;5.9;3.6
2020;12;1;23;47;6.08;38.16470;118.07730;6.8;4.4
2020;12;2;2;23;45.07;38.18000;118.05840;5.6;4.3
2020;12;2;2;24;0.3;38.13660;118.05440;4.0;4.3
2020;12;2;4;49;28.75;38.16130;118.06320;7.4;4.0
2020;12;2;16;8;29.59;38.16010;118.07090;4.4;3.8
2020;12;3;3;18;9.77;38.16920;117.82040;1.6;4.7
2020;12;3;5;15;29.77;38.16340;118.04700;6.8;4.8
2020;12;6;15;3;33.62;39.01270;123.06840;8.3;4.3
2020;12;12;7;50;54.21;38.13090;118.09470;10.7;4.8
2020;12;14;21;20;10.98;38.14270;118.10590;8.2;4.8
2020;12;22;0;29;59.96;32.31460;115.42210;13.2;3.9
2021;1;2;14;42;24.02;36.58960;121.24420;8.8;4.0
2021;1;17;2;49;9.84;36.18340;118.09700;10.0;3.9
2021;1;17;3;14;50.57;36.17630;118.09720;10.0;3.6
2021;1;17;4;1;27.65;36.84570;121.64730;10.3;3.9
2021;2;21;1;20;0.67;36.14030;118.07110;10.0;3.2
2021;3;24;15;41;14.13;39.23700;123.49950;12.7;4.1
2021;3;30;16;4;5.92;38.17480;118.06180;7.3;4.3
2021;3;31;8;56;26.69;32.37490;115.26790;12.0;4.3
2021;4;5;11;44;1.95;33.93970;118.32790;24.3;4.2
2021;4;20;9;48;33.59;40.18630;123.60680;34.2;3.9
2021;5;7;4;35;14.1;39.45790;120.32010;10.9;4.4
2021;5;8;8;13;52.75;38.19560;117.85650;7.9;3.4
2021;6;5;17;55;58.68;33.12960;115.64510;10.5;4.9
2021;6;13;6;54;46.79;38.82400;122.80200;9.1;3.6
2021;6;29;1;29;48.02;37.69740;122.13210;11.3;3.8
2021;7;3;23;23;50.85;36.99610;120.82800;11.9;3.9
2021;7;8;22;49;49.8;38.50960;119.47780;11.0;5.6
2021;7;8;22;50;13.09;38.49450;119.46810;16.6;5.0
2021;7;8;22;59;45.39;38.52260;119.51220;6.6;3.9
2021;7;8;23;33;41.33;38.46880;119.55730;4.6;4.6
2021;7;8;23;58;52.29;38.54080;119.57390;2.4;4.3
2021;7;9;0;27;47.24;38.49410;119.50930;10.0;4.0
2021;7;9;1;46;0.62;38.51150;119.53870;5.6;4.4
2021;7;9;5;4;18.55;38.53780;119.49610;9.8;3.7
2021;7;9;5;10;35.69;38.54150;119.52680;7.9;3.8
2021;8;27;4;47;45.47;38.55700;119.43950;3.5;4.4
2021;8;31;16;9;56.34;36.57270;121.19860;12.6;3.9
2021;8;31;17;21;10.64;40.88810;114.93090;2.6;4.7
2021;9;18;2;58;35.63;33.82940;118.24570;14.4;4.3
2021;10;25;23;42;34.54;35.75770;121.36500;0.6;4.8
2022;1;6;0;28;6.97;37.31020;117.90600;9.9;4.7
2022;1;13;3;19;8.26;33.44310;116.45090;13.6;2.9
2022;1;22;22;40;11.66;38.23980;118.33970;2.8;4.0
2022;1;30;17;46;26.49;33.34290;116.90470;14.0;4.0
2022;2;15;21;16;23.95;38.17310;117.75340;10.5;4.3
2022;2;27;1;44;18.44;34.43120;119.11940;23.0;4.1
2022;3;13;20;51;31.69;36.57970;121.19060;11.7;3.7
2022;3;18;4;51;22.03;38.52900;119.50140;9.9;4.0
2022;4;2;10;31;4.41;41.04260;123.52120;33.3;3.7
2022;5;26;9;23;34.05;35.59490;117.40330;10.0;4.3
2022;6;2;12;7;23.21;38.10240;122.00470;15.4;4.0
2022;6;16;16;55;23.43;38.18840;117.79030;9.6;4.2
2022;7;15;1;19;7.15;35.69100;117.57020;8.8;4.4
2022;7;23;1;41;3.96;39.45380;121.48400;6.2;4.3
2022;8;8;20;44;14.14;38.58720;119.41730;6.9;4.3
2022;9;1;13;36;22.49;36.53680;121.12660;2.3;4.0
2022;9;14;1;39;39.01;38.47390;122.71340;2.8;4.4
2022;9;20;14;3;7.81;39.81060;123.16260;12.1;4.1
2022;10;20;0;2;35.53;38.78790;122.80240;10.0;4.0
2022;10;20;7;55;16.46;40.33660;123.52240;33.0;4.1
2022;10;25;18;42;3.27;37.32090;121.68980;9.5;4.9
2022;12;6;0;10;38.36;35.94970;119.99830;15.2;4.0
2022;12;31;12;12;26.4;33.39340;116.39360;10.2;4.1
2023;1;1;6;49;10.04;36.54910;121.26940;10.5;3.7
2023;1;1;18;35;4.62;40.41150;123.92360;31.6;4.9
2023;1;20;8;1;13.27;41.12520;123.87510;27.0;4.3
2023;1;25;10;0;54.84;33.88270;118.69260;13.3;4.5
2023;3;14;5;0;30.51;37.49220;117.99710;10.0;3.8
2023;3;14;10;13;19.56;37.51570;117.97420;7.0;3.7
2023;3;15;21;44;7.28;37.51180;117.96770;10.0;3.8
2023;3;18;7;3;44.21;37.50590;117.97200;7.0;3.9
2023;3;18;14;23;7.77;37.50230;117.96880;7.0;3.4
2023;4;1;1;16;7.85;33.37730;116.93510;15.2;3.9
2023;4;4;22;23;18.21;36.79220;121.34530;14.0;4.2
2023;4;12;5;39;54.41;38.81610;122.81100;10.0;4.0
2023;4;30;7;9;34.58;33.19260;115.60550;10.5;4.5
2023;4;30;7;58;19.69;33.19940;115.60910;9.0;4.2
2023;5;11;23;19;43.06;40.20480;121.12360;12.0;5.3
2023;5;12;2;54;45.94;40.18890;121.12330;10.0;3.5
2023;5;12;10;18;41.41;40.17750;121.07400;2.4;5.0
2023;5;18;15;55;53.21;40.23530;121.13060;11.5;3.0
2023;5;21;3;26;30.13;37.27700;117.59020;8.7;4.2
2023;5;26;11;26;24.83;40.22360;121.15780;8.2;4.2
2023;6;3;12;1;20.69;38.78950;122.73780;10.0;4.1
2023;6;18;3;44;59.8;39.05570;123.10110;10.4;4.3
2023;7;16;4;36;10.08;38.52410;118.18520;9.0;3.6
2023;7;19;7;34;23.38;39.50450;116.52250;2.2;4.5
2023;8;10;19;17;18.26;35.91320;120.49780;17.0;4.2
2023;8;20;21;41;1.32;34.41220;119.18430;11.0;5.1
2023;8;20;22;18;16.3;34.42690;119.18690;12.0;3.9
2023;8;22;11;39;19.7;34.42670;119.15420;12.5;3.9
2023;8;25;14;14;45.36;38.79200;122.83270;10.3;4.1
2023;9;8;17;24;38.82;40.92390;121.59110;12.2;5.0
2023;9;19;0;15;33.24;37.44920;121.26320;10.6;4.0
2023;9;19;4;13;10.3;37.45180;121.25590;10.2;4.7
2023;10;8;21;30;23.75;38.81140;122.78990;0.5;3.8
2023;10;18;16;29;14.27;38.12360;121.62400;9.1;4.3
2023;11;3;20;12;18.64;34.42680;119.16500;14.2;4.3
2023;12;1;7;43;27.91;32.75570;115.86960;12.2;4.6
